Player,Team,Week,FantasyPoints
Christian McCaffrey,SF,1,24.4
Raheem Mostert,LV,1,12.0
Travis Etienne Jr.,JAC,1,18.9
Breece Hall,NYJ,1,15.2
Joe Mixon,HOU,1,8.8
Kyren Williams,LAR,1,17.4
Rachaad White,TB,1,5.9
Derrick Henry,BAL,1,12.9
Bijan Robinson,ATL,1,17.3
Jahmyr Gibbs,DET,1,7.0
James Cook,BUF,1,8.3
Saquon Barkley,PHI,1,7.8
David Montgomery,DET,1,13.4
Alvin Kamara,NO,1,0.0
Tony Pollard,TEN,1,21.2
Isiah Pacheco,KC,1,7.4
Jerome Ford,CLE,1,1.6
James Conner,ARI,1,9.5
Kenneth Walker III,SEA,1,8.7
Najee Harris,LAC,1,4.3
Gus Edwards,FA,1,5.2
Brian Robinson Jr.,WAS,1,13.1
D'Andre Swift,CHI,1,0.8
De'Von Achane,MIA,1,0.0
Jaylen Warren,PIT,1,4.3
Chuba Hubbard,CAR,1,7.9
Josh Jacobs,GB,1,8.1
Austin Ekeler,WAS,1,24.4
Zack Moss,CIN,1,0.0
Javonte Williams,DAL,1,7.7
Devin Singletary,NYG,1,1.5
Ezekiel Elliott,FA,1,4.8
Jonathan Taylor,IND,1,0.0
Tyler Allgeier,ATL,1,22.9
Tyjae Spears,TEN,1,3.3
Rhamondre Stevenson,NE,1,11.9
Aaron Jones Sr.,MIN,1,25.7
Alexander Mattison,MIA,1,11.9
Kareem Hunt,KC,1,0.0
A.J. Dillon,PHI,1,4.6
Antonio Gibson,NE,1,0.4
Khalil Herbert,IND,1,9.9
Samaje Perine,CIN,1,9.8
Justice Hill,BAL,1,12.9
Ty Chandler,MIN,1,2.3
Jaleel McLaughlin,DEN,1,-0.2
Zach Charbonnet,SEA,1,1.1
D'Onta Foreman,FA,1,3.4
Roschon Johnson,CHI,1,14.5
Rico Dowdle,CAR,1,2.4
Kenneth Gainwell,PIT,1,9.4
Dameon Pierce,HOU,1,5.7
Latavius Murray,FA,1,2.2
Miles Sanders,DAL,1,9.8
Jerick McKinnon,FA,1,1.5
Zamir White,LV,1,1.2
Keaton Mitchell,BAL,1,0.0
Emari Demercado,ARI,1,0.0
Clyde Edwards-Helaire,NO,1,3.4
Joshua Kelley,FA,1,15.1
Jamaal Williams,FA,1,6.2
Michael Carter,ARI,1,2.8
Chase Brown,CIN,1,0.0
Royce Freeman,FA,1,0.0
Elijah Mitchell,KC,1,1.0
Jordan Mason,MIN,1,0.0
Cam Akers,FA,1,8.9
Pierre Strong Jr.,CLE,1,0.0
Darrell Henderson Jr.,FA,1,0.0
Matt Breida,FA,1,1.1
Kendre Miller,NO,1,0.0
Chris Rodriguez Jr.,WAS,1,0.7
Salvon Ahmed,IND,1,1.1
Jeff Wilson Jr.,FA,1,0.0
Dalvin Cook,FA,1,7.4
Chase Edmonds,FA,1,0.8
Cordarrelle Patterson,PIT,1,0.0
Kyle Juszczyk,SF,1,0.0
Ameer Abdullah,FA,1,0.0
D'Ernest Johnson,FA,1,-0.4
Ty Johnson,BUF,1,0.0
Tony Jones Jr.,FA,1,0.5
Craig Reynolds,DET,1,0.0
Darrynton Evans,BUF,1,0.0
Patrick Taylor Jr.,SF,1,2.2
Tank Bigsby,JAC,1,5.3
Nick Chubb,FA,1,14.7
Kevin Harris,FA,1,0.0
Trey Sermon,PIT,1,0.0
Alec Ingold,MIA,1,4.4
Melvin Gordon III,FA,1,0.0
Damien Harris,FA,1,2.9
Ronnie Rivers,LAR,1,0.0
Isaiah Spiller,FA,1,0.0
Tyler Goodson,IND,1,0.0
Raheem Blackshear,CAR,1,0.0
Boston Scott,FA,1,1.5
Patrick Ricard,BAL,1,0.0
Israel Abanikanda,SF,1,0.0
Emanuel Wilson,GB,1,0.0
La'Mical Perine,FA,1,0.0
Keaontay Ingram,KC,1,-0.4
Deuce Vaughn,DAL,1,0.8
Trayveon Williams,NE,1,0.7
Hunter Luepke,DAL,1,0.0
Brandon Bolden,FA,1,0.0
J.K. Dobbins,FA,1,10.7
Chris Brooks,GB,1,0.0
Nick Bawden,FA,1,0.0
Eric Gray,NYG,1,0.0
Mike Boone,FA,1,3.3
Dare Ogunbowale,HOU,1,0.0
Gary Brightwell,CIN,1,2.1
Ty Montgomery II,FA,1,2.6
C.J. Ham,MIN,1,1.7
Damien Williams,FA,1,0.0
Ke'Shawn Vaughn,FA,1,0.0
Michael Burton,DEN,1,0.8
DeeJay Dallas,ARI,1,2.3
Keith Smith,FA,1,0.0
Rashaad Penny,FA,1,0.0
Khari Blasingame,FA,1,0.0
Sean Tucker,TB,1,3.4
Leonard Fournette,FA,1,0.0
Elijah Dotson,ATL,1,0.0
Jashaun Corbin,FA,1,0.0
Alex Armah Jr.,FA,1,0.0
Jake Funk,FA,1,2.7
Zonovan Knight,NYJ,1,0.0
Derrick Gore,FA,1,0.0
Anthony McFarland Jr.,FA,1,2.1
Tyrion Davis-Price,FA,1,0.0
Kenyan Drake,FA,1,0.0
Zach Evans,NYJ,1,0.0
Devine Ozigbo,FA,1,0.0
Jakob Johnson,HOU,1,0.0
Chris Evans,FA,1,1.6
Deon Jackson,FA,1,1.3
Adam Prentice,FA,1,0.0
Kene Nwangwu,NYJ,1,0.0
Evan Hull,PIT,1,1.2
Jonathan Ward,PIT,1,0.0
Reggie Gilliam,BUF,1,0.0
James Robinson,FA,1,0.0
Travis Homer,CHI,1,0.0
Bryant Koback,FA,1,0.0
Brittain Brown,FA,1,0.0
Jeremy McNichols,WAS,1,0.0
Julius Chestnut,TEN,1,0.0
JaMycal Hasty,FA,1,0.0
Henry Pearson,FA,1,0.0
Austin Walter,FA,1,0.0
Mohamed Ibrahim,FA,1,0.0
Godwin Igwebuike,FA,1,0.0
Marlon Mack,FA,1,0.0
Jordan Mims,FA,1,0.0
Corey Clement,FA,1,0.0
Patrick Laird,FA,1,0.0
Dwayne Washington,FA,1,0.0
SaRodorick Thompson Jr.,FA,1,0.0
Malik Davis,FA,1,0.0
Ben Mason,FA,1,0.0
Jonathan Williams,FA,1,0.0
,,1,0.0
,,1,0.0
Christian McCaffrey,SF,2,21.0
Raheem Mostert,LV,2,25.2
Travis Etienne Jr.,JAC,2,5.2
Breece Hall,NYJ,2,0.9
Joe Mixon,HOU,2,11.5
Kyren Williams,LAR,2,25.0
Rachaad White,TB,2,18.8
Derrick Henry,BAL,2,17.0
Bijan Robinson,ATL,2,19.2
Jahmyr Gibbs,DET,2,9.1
James Cook,BUF,2,17.9
Saquon Barkley,PHI,2,24.2
David Montgomery,DET,2,11.9
Alvin Kamara,NO,2,0.0
Tony Pollard,TEN,2,16.4
Isiah Pacheco,KC,2,7.5
Jerome Ford,CLE,2,22.6
James Conner,ARI,2,16.6
Kenneth Walker III,SEA,2,17.9
Najee Harris,LAC,2,4.8
Gus Edwards,FA,2,12.2
Brian Robinson Jr.,WAS,2,27.9
D'Andre Swift,CHI,2,25.6
De'Von Achane,MIA,2,1.4
Jaylen Warren,PIT,2,10.6
Chuba Hubbard,CAR,2,7.5
Josh Jacobs,GB,2,7.4
Austin Ekeler,WAS,2,0.0
Zack Moss,CIN,2,18.7
Javonte Williams,DAL,2,6.8
Devin Singletary,NYG,2,2.9
Ezekiel Elliott,FA,2,1.3
Jonathan Taylor,IND,2,0.0
Tyler Allgeier,ATL,2,4.8
Tyjae Spears,TEN,2,6.5
Rhamondre Stevenson,NE,2,13.5
Aaron Jones Sr.,MIN,2,0.0
Alexander Mattison,MIA,2,3.4
Kareem Hunt,KC,2,0.0
A.J. Dillon,PHI,2,6.8
Antonio Gibson,NE,2,6.8
Khalil Herbert,IND,2,6.3
Samaje Perine,CIN,2,3.9
Justice Hill,BAL,2,6.8
Ty Chandler,MIN,2,1.9
Jaleel McLaughlin,DEN,2,6.5
Zach Charbonnet,SEA,2,4.0
D'Onta Foreman,FA,2,0.0
Roschon Johnson,CHI,2,5.2
Rico Dowdle,CAR,2,4.8
Kenneth Gainwell,PIT,2,0.0
Dameon Pierce,HOU,2,4.5
Latavius Murray,FA,2,10.1
Miles Sanders,DAL,2,6.2
Jerick McKinnon,FA,2,3.7
Zamir White,LV,2,0.2
Keaton Mitchell,BAL,2,0.0
Emari Demercado,ARI,2,1.5
Clyde Edwards-Helaire,NO,2,2.7
Joshua Kelley,FA,2,3.9
Jamaal Williams,FA,2,2.9
Michael Carter,ARI,2,1.6
Chase Brown,CIN,2,0.2
Royce Freeman,FA,2,0.0
Elijah Mitchell,KC,2,0.0
Jordan Mason,MIN,2,0.0
Cam Akers,FA,2,0.0
Pierre Strong Jr.,CLE,2,6.1
Darrell Henderson Jr.,FA,2,0.0
Matt Breida,FA,2,0.5
Kendre Miller,NO,2,0.0
Chris Rodriguez Jr.,WAS,2,0.0
Salvon Ahmed,IND,2,5.6
Jeff Wilson Jr.,FA,2,0.0
Dalvin Cook,FA,2,-0.3
Chase Edmonds,FA,2,1.2
Cordarrelle Patterson,PIT,2,0.0
Kyle Juszczyk,SF,2,0.0
Ameer Abdullah,FA,2,1.0
D'Ernest Johnson,FA,2,2.2
Ty Johnson,BUF,2,0.0
Tony Jones Jr.,FA,2,15.4
Craig Reynolds,DET,2,1.0
Darrynton Evans,BUF,2,0.0
Patrick Taylor Jr.,SF,2,0.1
Tank Bigsby,JAC,2,0.0
Nick Chubb,FA,2,6.4
Kevin Harris,FA,2,0.0
Trey Sermon,PIT,2,0.0
Alec Ingold,MIA,2,0.0
Melvin Gordon III,FA,2,0.0
Damien Harris,FA,2,9.3
Ronnie Rivers,LAR,2,0.9
Isaiah Spiller,FA,2,0.3
Tyler Goodson,IND,2,0.0
Raheem Blackshear,CAR,2,0.0
Boston Scott,FA,2,4.0
Patrick Ricard,BAL,2,0.0
Israel Abanikanda,SF,2,0.0
Emanuel Wilson,GB,2,0.5
La'Mical Perine,FA,2,0.0
Keaontay Ingram,KC,2,0.6
Deuce Vaughn,DAL,2,4.7
Trayveon Williams,NE,2,1.4
Hunter Luepke,DAL,2,0.0
Brandon Bolden,FA,2,0.0
J.K. Dobbins,FA,2,0.0
Chris Brooks,GB,2,0.0
Nick Bawden,FA,2,0.0
Eric Gray,NYG,2,0.0
Mike Boone,FA,2,0.0
Dare Ogunbowale,HOU,2,0.4
Gary Brightwell,CIN,2,0.0
Ty Montgomery II,FA,2,0.0
C.J. Ham,MIN,2,0.0
Damien Williams,FA,2,0.0
Ke'Shawn Vaughn,FA,2,0.0
Michael Burton,DEN,2,0.3
DeeJay Dallas,ARI,2,0.3
Keith Smith,FA,2,0.0
Rashaad Penny,FA,2,1.9
Khari Blasingame,FA,2,0.0
Sean Tucker,TB,2,0.7
Leonard Fournette,FA,2,0.0
Elijah Dotson,ATL,2,2.9
Jashaun Corbin,FA,2,0.0
Alex Armah Jr.,FA,2,0.0
Jake Funk,FA,2,0.0
Zonovan Knight,NYJ,2,0.0
Derrick Gore,FA,2,0.0
Anthony McFarland Jr.,FA,2,0.0
Tyrion Davis-Price,FA,2,0.0
Kenyan Drake,FA,2,0.0
Zach Evans,NYJ,2,0.0
Devine Ozigbo,FA,2,0.0
Jakob Johnson,HOU,2,0.0
Chris Evans,FA,2,0.0
Deon Jackson,FA,2,0.0
Adam Prentice,FA,2,0.0
Kene Nwangwu,NYJ,2,0.0
Evan Hull,PIT,2,0.0
Jonathan Ward,PIT,2,0.0
Reggie Gilliam,BUF,2,0.8
James Robinson,FA,2,0.0
Travis Homer,CHI,2,0.0
Bryant Koback,FA,2,0.0
Brittain Brown,FA,2,0.0
Jeremy McNichols,WAS,2,0.0
Julius Chestnut,TEN,2,0.0
JaMycal Hasty,FA,2,0.0
Henry Pearson,FA,2,0.0
Austin Walter,FA,2,0.0
Mohamed Ibrahim,FA,2,0.0
Godwin Igwebuike,FA,2,0.0
Marlon Mack,FA,2,0.0
Jordan Mims,FA,2,0.0
Corey Clement,FA,2,0.0
Patrick Laird,FA,2,0.0
Dwayne Washington,FA,2,0.0
SaRodorick Thompson Jr.,FA,2,0.0
Malik Davis,FA,2,0.0
Ben Mason,FA,2,0.0
Jonathan Williams,FA,2,0.0
,,2,0.0
,,2,0.0
Christian McCaffrey,SF,3,20.4
Raheem Mostert,LV,3,41.7
Travis Etienne Jr.,JAC,3,15.8
Breece Hall,NYJ,3,3.2
Joe Mixon,HOU,3,13.5
Kyren Williams,LAR,3,7.5
Rachaad White,TB,3,5.7
Derrick Henry,BAL,3,2.0
Bijan Robinson,ATL,3,8.0
Jahmyr Gibbs,DET,3,8.7
James Cook,BUF,3,12.2
Saquon Barkley,PHI,3,0.0
David Montgomery,DET,3,0.0
Alvin Kamara,NO,3,0.0
Tony Pollard,TEN,3,13.6
Isiah Pacheco,KC,3,14.8
Jerome Ford,CLE,3,18.1
James Conner,ARI,3,18.6
Kenneth Walker III,SEA,3,29.1
Najee Harris,LAC,3,6.5
Gus Edwards,FA,3,5.1
Brian Robinson Jr.,WAS,3,7.0
D'Andre Swift,CHI,3,14.3
De'Von Achane,MIA,3,49.3
Jaylen Warren,PIT,3,6.7
Chuba Hubbard,CAR,3,1.4
Josh Jacobs,GB,3,9.5
Austin Ekeler,WAS,3,0.0
Zack Moss,CIN,3,21.5
Javonte Williams,DAL,3,7.5
Devin Singletary,NYG,3,5.5
Ezekiel Elliott,FA,3,9.2
Jonathan Taylor,IND,3,0.0
Tyler Allgeier,ATL,3,3.9
Tyjae Spears,TEN,3,2.9
Rhamondre Stevenson,NE,3,6.7
Aaron Jones Sr.,MIN,3,0.0
Alexander Mattison,MIA,3,15.0
Kareem Hunt,KC,3,4.5
A.J. Dillon,PHI,3,3.3
Antonio Gibson,NE,3,1.9
Khalil Herbert,IND,3,2.5
Samaje Perine,CIN,3,3.4
Justice Hill,BAL,3,0.0
Ty Chandler,MIN,3,3.6
Jaleel McLaughlin,DEN,3,1.5
Zach Charbonnet,SEA,3,5.0
D'Onta Foreman,FA,3,0.0
Roschon Johnson,CHI,3,5.9
Rico Dowdle,CAR,3,12.1
Kenneth Gainwell,PIT,3,5.3
Dameon Pierce,HOU,3,13.4
Latavius Murray,FA,3,8.6
Miles Sanders,DAL,3,14.7
Jerick McKinnon,FA,3,16.3
Zamir White,LV,3,0.0
Keaton Mitchell,BAL,3,0.0
Emari Demercado,ARI,3,0.2
Clyde Edwards-Helaire,NO,3,12.2
Joshua Kelley,FA,3,2.2
Jamaal Williams,FA,3,0.0
Michael Carter,ARI,3,0.8
Chase Brown,CIN,3,0.0
Royce Freeman,FA,3,0.0
Elijah Mitchell,KC,3,5.9
Jordan Mason,MIN,3,1.1
Cam Akers,FA,3,0.0
Pierre Strong Jr.,CLE,3,2.7
Darrell Henderson Jr.,FA,3,0.0
Matt Breida,FA,3,9.3
Kendre Miller,NO,3,3.9
Chris Rodriguez Jr.,WAS,3,0.0
Salvon Ahmed,IND,3,0.0
Jeff Wilson Jr.,FA,3,0.0
Dalvin Cook,FA,3,4.4
Chase Edmonds,FA,3,0.0
Cordarrelle Patterson,PIT,3,0.0
Kyle Juszczyk,SF,3,0.3
Ameer Abdullah,FA,3,2.6
D'Ernest Johnson,FA,3,2.2
Ty Johnson,BUF,3,0.0
Tony Jones Jr.,FA,3,7.2
Craig Reynolds,DET,3,1.5
Darrynton Evans,BUF,3,0.0
Patrick Taylor Jr.,SF,3,4.4
Tank Bigsby,JAC,3,7.0
Nick Chubb,FA,3,0.0
Kevin Harris,FA,3,0.0
Trey Sermon,PIT,3,2.6
Alec Ingold,MIA,3,0.0
Melvin Gordon III,FA,3,6.5
Damien Harris,FA,3,1.5
Ronnie Rivers,LAR,3,0.0
Isaiah Spiller,FA,3,0.7
Tyler Goodson,IND,3,0.0
Raheem Blackshear,CAR,3,0.0
Boston Scott,FA,3,0.0
Patrick Ricard,BAL,3,0.0
Israel Abanikanda,SF,3,0.0
Emanuel Wilson,GB,3,1.7
La'Mical Perine,FA,3,0.0
Keaontay Ingram,KC,3,2.6
Deuce Vaughn,DAL,3,0.0
Trayveon Williams,NE,3,0.4
Hunter Luepke,DAL,3,2.6
Brandon Bolden,FA,3,0.0
J.K. Dobbins,FA,3,0.0
Chris Brooks,GB,3,6.6
Nick Bawden,FA,3,6.1
Eric Gray,NYG,3,0.0
Mike Boone,FA,3,0.0
Dare Ogunbowale,HOU,3,0.0
Gary Brightwell,CIN,3,4.6
Ty Montgomery II,FA,3,0.0
C.J. Ham,MIN,3,1.2
Damien Williams,FA,3,0.0
Ke'Shawn Vaughn,FA,3,0.0
Michael Burton,DEN,3,0.0
DeeJay Dallas,ARI,3,1.0
Keith Smith,FA,3,0.0
Rashaad Penny,FA,3,0.0
Khari Blasingame,FA,3,0.0
Sean Tucker,TB,3,0.1
Leonard Fournette,FA,3,0.0
Elijah Dotson,ATL,3,0.0
Jashaun Corbin,FA,3,0.0
Alex Armah Jr.,FA,3,0.0
Jake Funk,FA,3,0.0
Zonovan Knight,NYJ,3,1.3
Derrick Gore,FA,3,0.0
Anthony McFarland Jr.,FA,3,0.0
Tyrion Davis-Price,FA,3,0.0
Kenyan Drake,FA,3,2.1
Zach Evans,NYJ,3,0.0
Devine Ozigbo,FA,3,0.0
Jakob Johnson,HOU,3,0.0
Chris Evans,FA,3,0.0
Deon Jackson,FA,3,0.0
Adam Prentice,FA,3,0.0
Kene Nwangwu,NYJ,3,0.0
Evan Hull,PIT,3,0.0
Jonathan Ward,PIT,3,0.0
Reggie Gilliam,BUF,3,0.0
James Robinson,FA,3,0.0
Travis Homer,CHI,3,0.0
Bryant Koback,FA,3,0.0
Brittain Brown,FA,3,0.0
Jeremy McNichols,WAS,3,0.0
Julius Chestnut,TEN,3,0.0
JaMycal Hasty,FA,3,0.0
Henry Pearson,FA,3,0.0
Austin Walter,FA,3,0.0
Mohamed Ibrahim,FA,3,0.0
Godwin Igwebuike,FA,3,0.0
Marlon Mack,FA,3,0.0
Jordan Mims,FA,3,0.0
Corey Clement,FA,3,0.0
Patrick Laird,FA,3,0.0
Dwayne Washington,FA,3,0.0
SaRodorick Thompson Jr.,FA,3,0.0
Malik Davis,FA,3,0.0
Ben Mason,FA,3,0.0
Jonathan Williams,FA,3,0.0
,,3,0.0
,,3,0.0
Christian McCaffrey,SF,4,45.2
Raheem Mostert,LV,4,4.0
Travis Etienne Jr.,JAC,4,8.7
Breece Hall,NYJ,4,8.4
Joe Mixon,HOU,4,8.1
Kyren Williams,LAR,4,26.2
Rachaad White,TB,4,9.3
Derrick Henry,BAL,4,23.9
Bijan Robinson,ATL,4,16.2
Jahmyr Gibbs,DET,4,7.1
James Cook,BUF,4,14.2
Saquon Barkley,PHI,4,0.0
David Montgomery,DET,4,33.1
Alvin Kamara,NO,4,14.9
Tony Pollard,TEN,4,7.5
Isiah Pacheco,KC,4,23.3
Jerome Ford,CLE,4,7.0
James Conner,ARI,4,6.1
Kenneth Walker III,SEA,4,13.9
Najee Harris,LAC,4,10.8
Gus Edwards,FA,4,5.9
Brian Robinson Jr.,WAS,4,12.1
D'Andre Swift,CHI,4,15.9
De'Von Achane,MIA,4,25.5
Jaylen Warren,PIT,4,8.5
Chuba Hubbard,CAR,4,6.3
Josh Jacobs,GB,4,23.9
Austin Ekeler,WAS,4,0.0
Zack Moss,CIN,4,9.0
Javonte Williams,DAL,4,2.4
Devin Singletary,NYG,4,8.3
Ezekiel Elliott,FA,4,3.2
Jonathan Taylor,IND,4,0.0
Tyler Allgeier,ATL,4,1.7
Tyjae Spears,TEN,4,7.3
Rhamondre Stevenson,NE,4,5.0
Aaron Jones Sr.,MIN,4,1.9
Alexander Mattison,MIA,4,10.3
Kareem Hunt,KC,4,1.2
A.J. Dillon,PHI,4,1.1
Antonio Gibson,NE,4,3.1
Khalil Herbert,IND,4,20.2
Samaje Perine,CIN,4,4.5
Justice Hill,BAL,4,3.3
Ty Chandler,MIN,4,0.0
Jaleel McLaughlin,DEN,4,17.9
Zach Charbonnet,SEA,4,4.5
D'Onta Foreman,FA,4,0.0
Roschon Johnson,CHI,4,2.0
Rico Dowdle,CAR,4,2.2
Kenneth Gainwell,PIT,4,5.1
Dameon Pierce,HOU,4,11.3
Latavius Murray,FA,4,6.6
Miles Sanders,DAL,4,4.7
Jerick McKinnon,FA,4,0.7
Zamir White,LV,4,1.5
Keaton Mitchell,BAL,4,0.0
Emari Demercado,ARI,4,3.9
Clyde Edwards-Helaire,NO,4,1.8
Joshua Kelley,FA,4,6.5
Jamaal Williams,FA,4,0.0
Michael Carter,ARI,4,3.1
Chase Brown,CIN,4,0.2
Royce Freeman,FA,4,0.0
Elijah Mitchell,KC,4,0.0
Jordan Mason,MIN,4,2.8
Cam Akers,FA,4,6.1
Pierre Strong Jr.,CLE,4,4.9
Darrell Henderson Jr.,FA,4,0.0
Matt Breida,FA,4,10.3
Kendre Miller,NO,4,1.3
Chris Rodriguez Jr.,WAS,4,0.0
Salvon Ahmed,IND,4,0.0
Jeff Wilson Jr.,FA,4,0.0
Dalvin Cook,FA,4,2.3
Chase Edmonds,FA,4,0.0
Cordarrelle Patterson,PIT,4,0.0
Kyle Juszczyk,SF,4,1.2
Ameer Abdullah,FA,4,2.4
D'Ernest Johnson,FA,4,-0.2
Ty Johnson,BUF,4,0.0
Tony Jones Jr.,FA,4,0.0
Craig Reynolds,DET,4,0.0
Darrynton Evans,BUF,4,0.0
Patrick Taylor Jr.,SF,4,0.0
Tank Bigsby,JAC,4,1.0
Nick Chubb,FA,4,0.0
Kevin Harris,FA,4,0.0
Trey Sermon,PIT,4,0.7
Alec Ingold,MIA,4,2.8
Melvin Gordon III,FA,4,4.9
Damien Harris,FA,4,2.9
Ronnie Rivers,LAR,4,6.7
Isaiah Spiller,FA,4,3.7
Tyler Goodson,IND,4,0.0
Raheem Blackshear,CAR,4,0.0
Boston Scott,FA,4,0.0
Patrick Ricard,BAL,4,1.9
Israel Abanikanda,SF,4,0.0
Emanuel Wilson,GB,4,0.0
La'Mical Perine,FA,4,0.0
Keaontay Ingram,KC,4,0.0
Deuce Vaughn,DAL,4,1.6
Trayveon Williams,NE,4,0.4
Hunter Luepke,DAL,4,6.4
Brandon Bolden,FA,4,0.0
J.K. Dobbins,FA,4,0.0
Chris Brooks,GB,4,0.0
Nick Bawden,FA,4,0.0
Eric Gray,NYG,4,0.0
Mike Boone,FA,4,0.4
Dare Ogunbowale,HOU,4,0.0
Gary Brightwell,CIN,4,2.4
Ty Montgomery II,FA,4,0.0
C.J. Ham,MIN,4,0.0
Damien Williams,FA,4,0.0
Ke'Shawn Vaughn,FA,4,2.4
Michael Burton,DEN,4,0.0
DeeJay Dallas,ARI,4,0.0
Keith Smith,FA,4,0.0
Rashaad Penny,FA,4,0.0
Khari Blasingame,FA,4,0.0
Sean Tucker,TB,4,0.0
Leonard Fournette,FA,4,0.0
Elijah Dotson,ATL,4,0.0
Jashaun Corbin,FA,4,0.0
Alex Armah Jr.,FA,4,0.0
Jake Funk,FA,4,0.0
Zonovan Knight,NYJ,4,0.0
Derrick Gore,FA,4,0.0
Anthony McFarland Jr.,FA,4,0.0
Tyrion Davis-Price,FA,4,0.0
Kenyan Drake,FA,4,0.0
Zach Evans,NYJ,4,0.0
Devine Ozigbo,FA,4,0.0
Jakob Johnson,HOU,4,1.7
Chris Evans,FA,4,0.0
Deon Jackson,FA,4,0.0
Adam Prentice,FA,4,-0.5
Kene Nwangwu,NYJ,4,0.0
Evan Hull,PIT,4,0.0
Jonathan Ward,PIT,4,0.0
Reggie Gilliam,BUF,4,0.0
James Robinson,FA,4,0.0
Travis Homer,CHI,4,0.0
Bryant Koback,FA,4,0.0
Brittain Brown,FA,4,0.0
Jeremy McNichols,WAS,4,0.0
Julius Chestnut,TEN,4,0.0
JaMycal Hasty,FA,4,0.0
Henry Pearson,FA,4,0.0
Austin Walter,FA,4,0.0
Mohamed Ibrahim,FA,4,0.0
Godwin Igwebuike,FA,4,0.0
Marlon Mack,FA,4,0.0
Jordan Mims,FA,4,0.0
Corey Clement,FA,4,0.0
Patrick Laird,FA,4,0.0
Dwayne Washington,FA,4,0.0
SaRodorick Thompson Jr.,FA,4,0.0
Malik Davis,FA,4,0.0
Ben Mason,FA,4,0.0
Jonathan Williams,FA,4,0.0
,,4,0.0
,,4,0.0
Christian McCaffrey,SF,5,12.8
Raheem Mostert,LV,5,14.8
Travis Etienne Jr.,JAC,5,34.4
Breece Hall,NYJ,5,26.9
Joe Mixon,HOU,5,11.4
Kyren Williams,LAR,5,6.7
Rachaad White,TB,5,0.0
Derrick Henry,BAL,5,7.7
Bijan Robinson,ATL,5,10.8
Jahmyr Gibbs,DET,5,0.0
James Cook,BUF,5,3.6
Saquon Barkley,PHI,5,0.0
David Montgomery,DET,5,19.9
Alvin Kamara,NO,5,17.2
Tony Pollard,TEN,5,6.4
Isiah Pacheco,KC,5,12.9
Jerome Ford,CLE,5,0.0
James Conner,ARI,5,4.6
Kenneth Walker III,SEA,5,0.0
Najee Harris,LAC,5,4.5
Gus Edwards,FA,5,4.8
Brian Robinson Jr.,WAS,5,6.3
D'Andre Swift,CHI,5,13.8
De'Von Achane,MIA,5,21.0
Jaylen Warren,PIT,5,9.4
Chuba Hubbard,CAR,5,4.0
Josh Jacobs,GB,5,17.4
Austin Ekeler,WAS,5,0.0
Zack Moss,CIN,5,32.5
Javonte Williams,DAL,5,0.0
Devin Singletary,NYG,5,0.0
Ezekiel Elliott,FA,5,5.8
Jonathan Taylor,IND,5,3.9
Tyler Allgeier,ATL,5,6.0
Tyjae Spears,TEN,5,14.9
Rhamondre Stevenson,NE,5,2.4
Aaron Jones Sr.,MIN,5,0.0
Alexander Mattison,MIA,5,11.6
Kareem Hunt,KC,5,0.0
A.J. Dillon,PHI,5,13.6
Antonio Gibson,NE,5,8.4
Khalil Herbert,IND,5,7.6
Samaje Perine,CIN,5,9.5
Justice Hill,BAL,5,10.5
Ty Chandler,MIN,5,1.5
Jaleel McLaughlin,DEN,5,16.4
Zach Charbonnet,SEA,5,0.0
D'Onta Foreman,FA,5,0.0
Roschon Johnson,CHI,5,1.9
Rico Dowdle,CAR,5,1.5
Kenneth Gainwell,PIT,5,2.9
Dameon Pierce,HOU,5,8.7
Latavius Murray,FA,5,1.2
Miles Sanders,DAL,5,1.2
Jerick McKinnon,FA,5,3.5
Zamir White,LV,5,0.0
Keaton Mitchell,BAL,5,0.0
Emari Demercado,ARI,5,12.2
Clyde Edwards-Helaire,NO,5,0.4
Joshua Kelley,FA,5,0.0
Jamaal Williams,FA,5,0.0
Michael Carter,ARI,5,3.7
Chase Brown,CIN,5,0.7
Royce Freeman,FA,5,0.0
Elijah Mitchell,KC,5,0.0
Jordan Mason,MIN,5,12.9
Cam Akers,FA,5,2.8
Pierre Strong Jr.,CLE,5,0.0
Darrell Henderson Jr.,FA,5,0.0
Matt Breida,FA,5,2.9
Kendre Miller,NO,5,11.0
Chris Rodriguez Jr.,WAS,5,0.0
Salvon Ahmed,IND,5,0.0
Jeff Wilson Jr.,FA,5,0.0
Dalvin Cook,FA,5,2.3
Chase Edmonds,FA,5,0.0
Cordarrelle Patterson,PIT,5,1.2
Kyle Juszczyk,SF,5,10.6
Ameer Abdullah,FA,5,2.0
D'Ernest Johnson,FA,5,0.0
Ty Johnson,BUF,5,0.0
Tony Jones Jr.,FA,5,0.0
Craig Reynolds,DET,5,11.2
Darrynton Evans,BUF,5,0.0
Patrick Taylor Jr.,SF,5,1.7
Tank Bigsby,JAC,5,0.8
Nick Chubb,FA,5,0.0
Kevin Harris,FA,5,0.0
Trey Sermon,PIT,5,0.0
Alec Ingold,MIA,5,0.0
Melvin Gordon III,FA,5,0.0
Damien Harris,FA,5,1.3
Ronnie Rivers,LAR,5,0.1
Isaiah Spiller,FA,5,0.0
Tyler Goodson,IND,5,0.0
Raheem Blackshear,CAR,5,0.0
Boston Scott,FA,5,0.0
Patrick Ricard,BAL,5,0.0
Israel Abanikanda,SF,5,0.0
Emanuel Wilson,GB,5,0.0
La'Mical Perine,FA,5,0.0
Keaontay Ingram,KC,5,0.0
Deuce Vaughn,DAL,5,1.3
Trayveon Williams,NE,5,0.5
Hunter Luepke,DAL,5,0.0
Brandon Bolden,FA,5,0.0
J.K. Dobbins,FA,5,0.0
Chris Brooks,GB,5,0.0
Nick Bawden,FA,5,0.0
Eric Gray,NYG,5,3.1
Mike Boone,FA,5,0.0
Dare Ogunbowale,HOU,5,0.0
Gary Brightwell,CIN,5,0.0
Ty Montgomery II,FA,5,1.0
C.J. Ham,MIN,5,0.0
Damien Williams,FA,5,0.0
Ke'Shawn Vaughn,FA,5,0.0
Michael Burton,DEN,5,2.0
DeeJay Dallas,ARI,5,0.0
Keith Smith,FA,5,3.3
Rashaad Penny,FA,5,0.0
Khari Blasingame,FA,5,2.6
Sean Tucker,TB,5,0.0
Leonard Fournette,FA,5,0.0
Elijah Dotson,ATL,5,0.0
Jashaun Corbin,FA,5,0.0
Alex Armah Jr.,FA,5,0.0
Jake Funk,FA,5,0.0
Zonovan Knight,NYJ,5,1.3
Derrick Gore,FA,5,0.0
Anthony McFarland Jr.,FA,5,0.0
Tyrion Davis-Price,FA,5,2.1
Kenyan Drake,FA,5,0.0
Zach Evans,NYJ,5,0.0
Devine Ozigbo,FA,5,0.0
Jakob Johnson,HOU,5,0.0
Chris Evans,FA,5,0.0
Deon Jackson,FA,5,0.0
Adam Prentice,FA,5,0.0
Kene Nwangwu,NYJ,5,0.0
Evan Hull,PIT,5,0.0
Jonathan Ward,PIT,5,0.0
Reggie Gilliam,BUF,5,0.0
James Robinson,FA,5,0.0
Travis Homer,CHI,5,0.0
Bryant Koback,FA,5,0.0
Brittain Brown,FA,5,0.0
Jeremy McNichols,WAS,5,0.0
Julius Chestnut,TEN,5,0.0
JaMycal Hasty,FA,5,0.0
Henry Pearson,FA,5,0.0
Austin Walter,FA,5,0.0
Mohamed Ibrahim,FA,5,0.0
Godwin Igwebuike,FA,5,0.0
Marlon Mack,FA,5,0.0
Jordan Mims,FA,5,0.0
Corey Clement,FA,5,0.0
Patrick Laird,FA,5,0.0
Dwayne Washington,FA,5,0.0
SaRodorick Thompson Jr.,FA,5,0.0
Malik Davis,FA,5,0.0
Ben Mason,FA,5,0.0
Jonathan Williams,FA,5,0.0
,,5,0.0
,,5,0.0
Christian McCaffrey,SF,6,12.7
Raheem Mostert,LV,6,32.7
Travis Etienne Jr.,JAC,6,21.8
Breece Hall,NYJ,6,17.8
Joe Mixon,HOU,6,7.7
Kyren Williams,LAR,6,21.8
Rachaad White,TB,6,5.3
Derrick Henry,BAL,6,18.3
Bijan Robinson,ATL,6,10.5
Jahmyr Gibbs,DET,6,0.0
James Cook,BUF,6,7.1
Saquon Barkley,PHI,6,11.8
David Montgomery,DET,6,3.8
Alvin Kamara,NO,6,13.9
Tony Pollard,TEN,6,14.0
Isiah Pacheco,KC,6,12.8
Jerome Ford,CLE,6,10.1
James Conner,ARI,6,0.0
Kenneth Walker III,SEA,6,16.4
Najee Harris,LAC,6,0.0
Gus Edwards,FA,6,5.8
Brian Robinson Jr.,WAS,6,12.6
D'Andre Swift,CHI,6,13.8
De'Von Achane,MIA,6,0.0
Jaylen Warren,PIT,6,0.0
Chuba Hubbard,CAR,6,15.5
Josh Jacobs,GB,6,10.3
Austin Ekeler,WAS,6,8.2
Zack Moss,CIN,6,14.9
Javonte Williams,DAL,6,7.2
Devin Singletary,NYG,6,6.7
Ezekiel Elliott,FA,6,11.4
Jonathan Taylor,IND,6,9.0
Tyler Allgeier,ATL,6,5.1
Tyjae Spears,TEN,6,6.8
Rhamondre Stevenson,NE,6,15.5
Aaron Jones Sr.,MIN,6,0.0
Alexander Mattison,MIA,6,9.2
Kareem Hunt,KC,6,14.6
A.J. Dillon,PHI,6,0.0
Antonio Gibson,NE,6,8.1
Khalil Herbert,IND,6,0.0
Samaje Perine,CIN,6,0.6
Justice Hill,BAL,6,5.0
Ty Chandler,MIN,6,0.0
Jaleel McLaughlin,DEN,6,5.2
Zach Charbonnet,SEA,6,2.9
D'Onta Foreman,FA,6,7.2
Roschon Johnson,CHI,6,0.0
Rico Dowdle,CAR,6,1.2
Kenneth Gainwell,PIT,6,2.2
Dameon Pierce,HOU,6,3.4
Latavius Murray,FA,6,4.5
Miles Sanders,DAL,6,0.0
Jerick McKinnon,FA,6,3.5
Zamir White,LV,6,1.9
Keaton Mitchell,BAL,6,0.0
Emari Demercado,ARI,6,2.2
Clyde Edwards-Helaire,NO,6,2.1
Joshua Kelley,FA,6,0.9
Jamaal Williams,FA,6,0.0
Michael Carter,ARI,6,0.5
Chase Brown,CIN,6,1.7
Royce Freeman,FA,6,0.0
Elijah Mitchell,KC,6,-0.3
Jordan Mason,MIN,6,8.7
Cam Akers,FA,6,2.0
Pierre Strong Jr.,CLE,6,0.0
Darrell Henderson Jr.,FA,6,0.0
Matt Breida,FA,6,1.3
Kendre Miller,NO,6,1.7
Chris Rodriguez Jr.,WAS,6,2.3
Salvon Ahmed,IND,6,10.9
Jeff Wilson Jr.,FA,6,0.0
Dalvin Cook,FA,6,1.9
Chase Edmonds,FA,6,0.0
Cordarrelle Patterson,PIT,6,1.1
Kyle Juszczyk,SF,6,1.4
Ameer Abdullah,FA,6,0.0
D'Ernest Johnson,FA,6,1.9
Ty Johnson,BUF,6,0.0
Tony Jones Jr.,FA,6,0.0
Craig Reynolds,DET,6,5.3
Darrynton Evans,BUF,6,3.9
Patrick Taylor Jr.,SF,6,0.0
Tank Bigsby,JAC,6,1.3
Nick Chubb,FA,6,0.0
Kevin Harris,FA,6,0.0
Trey Sermon,PIT,6,0.0
Alec Ingold,MIA,6,0.0
Melvin Gordon III,FA,6,0.0
Damien Harris,FA,6,0.1
Ronnie Rivers,LAR,6,1.8
Isaiah Spiller,FA,6,0.2
Tyler Goodson,IND,6,0.0
Raheem Blackshear,CAR,6,2.7
Boston Scott,FA,6,2.1
Patrick Ricard,BAL,6,0.8
Israel Abanikanda,SF,6,0.0
Emanuel Wilson,GB,6,0.0
La'Mical Perine,FA,6,0.0
Keaontay Ingram,KC,6,6.1
Deuce Vaughn,DAL,6,0.0
Trayveon Williams,NE,6,1.3
Hunter Luepke,DAL,6,0.0
Brandon Bolden,FA,6,0.0
J.K. Dobbins,FA,6,0.0
Chris Brooks,GB,6,2.8
Nick Bawden,FA,6,0.0
Eric Gray,NYG,6,0.2
Mike Boone,FA,6,1.1
Dare Ogunbowale,HOU,6,0.0
Gary Brightwell,CIN,6,0.0
Ty Montgomery II,FA,6,1.4
C.J. Ham,MIN,6,0.0
Damien Williams,FA,6,4.9
Ke'Shawn Vaughn,FA,6,0.9
Michael Burton,DEN,6,0.2
DeeJay Dallas,ARI,6,0.4
Keith Smith,FA,6,0.0
Rashaad Penny,FA,6,0.0
Khari Blasingame,FA,6,0.6
Sean Tucker,TB,6,0.0
Leonard Fournette,FA,6,0.0
Elijah Dotson,ATL,6,0.0
Jashaun Corbin,FA,6,0.0
Alex Armah Jr.,FA,6,0.0
Jake Funk,FA,6,0.0
Zonovan Knight,NYJ,6,0.0
Derrick Gore,FA,6,0.0
Anthony McFarland Jr.,FA,6,0.0
Tyrion Davis-Price,FA,6,0.0
Kenyan Drake,FA,6,0.0
Zach Evans,NYJ,6,1.0
Devine Ozigbo,FA,6,1.8
Jakob Johnson,HOU,6,0.0
Chris Evans,FA,6,0.0
Deon Jackson,FA,6,0.0
Adam Prentice,FA,6,0.0
Kene Nwangwu,NYJ,6,0.0
Evan Hull,PIT,6,0.0
Jonathan Ward,PIT,6,0.0
Reggie Gilliam,BUF,6,0.0
James Robinson,FA,6,0.0
Travis Homer,CHI,6,0.0
Bryant Koback,FA,6,0.0
Brittain Brown,FA,6,0.0
Jeremy McNichols,WAS,6,0.0
Julius Chestnut,TEN,6,0.0
JaMycal Hasty,FA,6,0.0
Henry Pearson,FA,6,0.0
Austin Walter,FA,6,0.0
Mohamed Ibrahim,FA,6,0.0
Godwin Igwebuike,FA,6,0.0
Marlon Mack,FA,6,0.0
Jordan Mims,FA,6,0.0
Corey Clement,FA,6,0.0
Patrick Laird,FA,6,0.0
Dwayne Washington,FA,6,0.0
SaRodorick Thompson Jr.,FA,6,0.0
Malik Davis,FA,6,0.0
Ben Mason,FA,6,0.0
Jonathan Williams,FA,6,0.0
,,6,0.0
,,6,0.0
Christian McCaffrey,SF,7,21.1
Raheem Mostert,LV,7,5.6
Travis Etienne Jr.,JAC,7,21.2
Breece Hall,NYJ,7,0.0
Joe Mixon,HOU,7,0.0
Kyren Williams,LAR,7,0.0
Rachaad White,TB,7,12.9
Derrick Henry,BAL,7,0.0
Bijan Robinson,ATL,7,0.3
Jahmyr Gibbs,DET,7,23.1
James Cook,BUF,7,17.7
Saquon Barkley,PHI,7,17.3
David Montgomery,DET,7,0.0
Alvin Kamara,NO,7,23.3
Tony Pollard,TEN,7,0.0
Isiah Pacheco,KC,7,14.0
Jerome Ford,CLE,7,16.4
James Conner,ARI,7,0.0
Kenneth Walker III,SEA,7,12.1
Najee Harris,LAC,7,14.3
Gus Edwards,FA,7,20.9
Brian Robinson Jr.,WAS,7,8.3
D'Andre Swift,CHI,7,9.0
De'Von Achane,MIA,7,0.0
Jaylen Warren,PIT,7,9.6
Chuba Hubbard,CAR,7,0.0
Josh Jacobs,GB,7,4.6
Austin Ekeler,WAS,7,5.1
Zack Moss,CIN,7,6.7
Javonte Williams,DAL,7,11.1
Devin Singletary,NYG,7,0.0
Ezekiel Elliott,FA,7,9.1
Jonathan Taylor,IND,7,19.5
Tyler Allgeier,ATL,7,12.7
Tyjae Spears,TEN,7,0.0
Rhamondre Stevenson,NE,7,11.5
Aaron Jones Sr.,MIN,7,7.2
Alexander Mattison,MIA,7,5.2
Kareem Hunt,KC,7,15.1
A.J. Dillon,PHI,7,10.5
Antonio Gibson,NE,7,4.1
Khalil Herbert,IND,7,0.0
Samaje Perine,CIN,7,5.6
Justice Hill,BAL,7,5.3
Ty Chandler,MIN,7,1.7
Jaleel McLaughlin,DEN,7,5.1
Zach Charbonnet,SEA,7,0.0
D'Onta Foreman,FA,7,31.5
Roschon Johnson,CHI,7,0.0
Rico Dowdle,CAR,7,0.0
Kenneth Gainwell,PIT,7,7.6
Dameon Pierce,HOU,7,0.0
Latavius Murray,FA,7,3.8
Miles Sanders,DAL,7,0.0
Jerick McKinnon,FA,7,3.6
Zamir White,LV,7,4.3
Keaton Mitchell,BAL,7,1.4
Emari Demercado,ARI,7,9.5
Clyde Edwards-Helaire,NO,7,0.5
Joshua Kelley,FA,7,13.5
Jamaal Williams,FA,7,1.4
Michael Carter,ARI,7,0.0
Chase Brown,CIN,7,0.0
Royce Freeman,FA,7,6.6
Elijah Mitchell,KC,7,-0.1
Jordan Mason,MIN,7,0.0
Cam Akers,FA,7,7.1
Pierre Strong Jr.,CLE,7,2.5
Darrell Henderson Jr.,FA,7,13.1
Matt Breida,FA,7,1.4
Kendre Miller,NO,7,0.0
Chris Rodriguez Jr.,WAS,7,3.1
Salvon Ahmed,IND,7,0.8
Jeff Wilson Jr.,FA,7,0.9
Dalvin Cook,FA,7,0.0
Chase Edmonds,FA,7,0.0
Cordarrelle Patterson,PIT,7,5.6
Kyle Juszczyk,SF,7,0.0
Ameer Abdullah,FA,7,0.0
D'Ernest Johnson,FA,7,0.0
Ty Johnson,BUF,7,0.0
Tony Jones Jr.,FA,7,0.0
Craig Reynolds,DET,7,3.0
Darrynton Evans,BUF,7,5.9
Patrick Taylor Jr.,SF,7,0.0
Tank Bigsby,JAC,7,0.2
Nick Chubb,FA,7,0.0
Kevin Harris,FA,7,0.0
Trey Sermon,PIT,7,0.0
Alec Ingold,MIA,7,0.0
Melvin Gordon III,FA,7,0.0
Damien Harris,FA,7,0.0
Ronnie Rivers,LAR,7,0.0
Isaiah Spiller,FA,7,0.0
Tyler Goodson,IND,7,0.0
Raheem Blackshear,CAR,7,0.0
Boston Scott,FA,7,0.0
Patrick Ricard,BAL,7,4.1
Israel Abanikanda,SF,7,0.0
Emanuel Wilson,GB,7,3.7
La'Mical Perine,FA,7,0.0
Keaontay Ingram,KC,7,0.0
Deuce Vaughn,DAL,7,0.0
Trayveon Williams,NE,7,0.0
Hunter Luepke,DAL,7,0.0
Brandon Bolden,FA,7,0.0
J.K. Dobbins,FA,7,0.0
Chris Brooks,GB,7,0.0
Nick Bawden,FA,7,0.0
Eric Gray,NYG,7,0.0
Mike Boone,FA,7,0.0
Dare Ogunbowale,HOU,7,0.0
Gary Brightwell,CIN,7,0.0
Ty Montgomery II,FA,7,0.0
C.J. Ham,MIN,7,0.0
Damien Williams,FA,7,0.2
Ke'Shawn Vaughn,FA,7,0.7
Michael Burton,DEN,7,-0.2
DeeJay Dallas,ARI,7,-1.5
Keith Smith,FA,7,0.4
Rashaad Penny,FA,7,0.0
Khari Blasingame,FA,7,0.9
Sean Tucker,TB,7,0.0
Leonard Fournette,FA,7,0.0
Elijah Dotson,ATL,7,0.0
Jashaun Corbin,FA,7,0.0
Alex Armah Jr.,FA,7,0.0
Jake Funk,FA,7,0.0
Zonovan Knight,NYJ,7,0.0
Derrick Gore,FA,7,0.0
Anthony McFarland Jr.,FA,7,0.0
Tyrion Davis-Price,FA,7,0.0
Kenyan Drake,FA,7,0.0
Zach Evans,NYJ,7,0.0
Devine Ozigbo,FA,7,0.0
Jakob Johnson,HOU,7,0.0
Chris Evans,FA,7,0.0
Deon Jackson,FA,7,0.0
Adam Prentice,FA,7,0.0
Kene Nwangwu,NYJ,7,0.0
Evan Hull,PIT,7,0.0
Jonathan Ward,PIT,7,0.0
Reggie Gilliam,BUF,7,0.0
James Robinson,FA,7,0.0
Travis Homer,CHI,7,0.0
Bryant Koback,FA,7,0.0
Brittain Brown,FA,7,0.0
Jeremy McNichols,WAS,7,0.0
Julius Chestnut,TEN,7,0.0
JaMycal Hasty,FA,7,0.0
Henry Pearson,FA,7,0.0
Austin Walter,FA,7,0.0
Mohamed Ibrahim,FA,7,0.0
Godwin Igwebuike,FA,7,0.0
Marlon Mack,FA,7,0.0
Jordan Mims,FA,7,0.0
Corey Clement,FA,7,0.0
Patrick Laird,FA,7,0.0
Dwayne Washington,FA,7,0.0
SaRodorick Thompson Jr.,FA,7,0.0
Malik Davis,FA,7,0.0
Ben Mason,FA,7,0.0
Jonathan Williams,FA,7,0.0
,,7,0.0
,,7,0.0
Christian McCaffrey,SF,8,26.8
Raheem Mostert,LV,8,10.6
Travis Etienne Jr.,JAC,8,24.4
Breece Hall,NYJ,8,18.3
Joe Mixon,HOU,8,18.5
Kyren Williams,LAR,8,0.0
Rachaad White,TB,8,14.4
Derrick Henry,BAL,8,14.2
Bijan Robinson,ATL,8,12.2
Jahmyr Gibbs,DET,8,27.4
James Cook,BUF,8,7.8
Saquon Barkley,PHI,8,14.3
David Montgomery,DET,8,0.0
Alvin Kamara,NO,8,25.0
Tony Pollard,TEN,8,6.0
Isiah Pacheco,KC,8,5.2
Jerome Ford,CLE,8,4.4
James Conner,ARI,8,0.0
Kenneth Walker III,SEA,8,7.5
Najee Harris,LAC,8,8.0
Gus Edwards,FA,8,28.4
Brian Robinson Jr.,WAS,8,8.9
D'Andre Swift,CHI,8,13.4
De'Von Achane,MIA,8,0.0
Jaylen Warren,PIT,8,5.8
Chuba Hubbard,CAR,8,6.4
Josh Jacobs,GB,8,15.8
Austin Ekeler,WAS,8,19.8
Zack Moss,CIN,8,13.9
Javonte Williams,DAL,8,17.3
Devin Singletary,NYG,8,5.3
Ezekiel Elliott,FA,8,3.6
Jonathan Taylor,IND,8,10.2
Tyler Allgeier,ATL,8,3.1
Tyjae Spears,TEN,8,5.1
Rhamondre Stevenson,NE,8,6.0
Aaron Jones Sr.,MIN,8,6.6
Alexander Mattison,MIA,8,3.8
Kareem Hunt,KC,8,13.2
A.J. Dillon,PHI,8,7.7
Antonio Gibson,NE,8,6.7
Khalil Herbert,IND,8,0.0
Samaje Perine,CIN,8,3.1
Justice Hill,BAL,8,7.5
Ty Chandler,MIN,8,0.0
Jaleel McLaughlin,DEN,8,4.9
Zach Charbonnet,SEA,8,7.4
D'Onta Foreman,FA,8,4.1
Roschon Johnson,CHI,8,4.6
Rico Dowdle,CAR,8,3.5
Kenneth Gainwell,PIT,8,3.1
Dameon Pierce,HOU,8,4.6
Latavius Murray,FA,8,1.6
Miles Sanders,DAL,8,0.0
Jerick McKinnon,FA,8,1.3
Zamir White,LV,8,0.0
Keaton Mitchell,BAL,8,0.0
Emari Demercado,ARI,8,8.4
Clyde Edwards-Helaire,NO,8,0.4
Joshua Kelley,FA,8,2.1
Jamaal Williams,FA,8,4.3
Michael Carter,ARI,8,0.2
Chase Brown,CIN,8,0.0
Royce Freeman,FA,8,10.4
Elijah Mitchell,KC,8,0.2
Jordan Mason,MIN,8,0.0
Cam Akers,FA,8,9.0
Pierre Strong Jr.,CLE,8,8.7
Darrell Henderson Jr.,FA,8,10.0
Matt Breida,FA,8,2.2
Kendre Miller,NO,8,2.4
Chris Rodriguez Jr.,WAS,8,0.0
Salvon Ahmed,IND,8,3.7
Jeff Wilson Jr.,FA,8,4.7
Dalvin Cook,FA,8,0.5
Chase Edmonds,FA,8,3.1
Cordarrelle Patterson,PIT,8,0.7
Kyle Juszczyk,SF,8,0.0
Ameer Abdullah,FA,8,2.4
D'Ernest Johnson,FA,8,0.8
Ty Johnson,BUF,8,0.0
Tony Jones Jr.,FA,8,0.0
Craig Reynolds,DET,8,7.1
Darrynton Evans,BUF,8,11.5
Patrick Taylor Jr.,SF,8,0.0
Tank Bigsby,JAC,8,-1.1
Nick Chubb,FA,8,0.0
Kevin Harris,FA,8,0.0
Trey Sermon,PIT,8,0.0
Alec Ingold,MIA,8,1.0
Melvin Gordon III,FA,8,0.0
Damien Harris,FA,8,0.0
Ronnie Rivers,LAR,8,0.0
Isaiah Spiller,FA,8,1.3
Tyler Goodson,IND,8,0.0
Raheem Blackshear,CAR,8,4.1
Boston Scott,FA,8,0.9
Patrick Ricard,BAL,8,0.0
Israel Abanikanda,SF,8,0.0
Emanuel Wilson,GB,8,0.0
La'Mical Perine,FA,8,0.0
Keaontay Ingram,KC,8,2.1
Deuce Vaughn,DAL,8,0.0
Trayveon Williams,NE,8,0.6
Hunter Luepke,DAL,8,0.3
Brandon Bolden,FA,8,0.0
J.K. Dobbins,FA,8,0.0
Chris Brooks,GB,8,0.0
Nick Bawden,FA,8,0.0
Eric Gray,NYG,8,0.0
Mike Boone,FA,8,2.1
Dare Ogunbowale,HOU,8,0.0
Gary Brightwell,CIN,8,0.0
Ty Montgomery II,FA,8,0.0
C.J. Ham,MIN,8,0.7
Damien Williams,FA,8,1.4
Ke'Shawn Vaughn,FA,8,0.1
Michael Burton,DEN,8,0.0
DeeJay Dallas,ARI,8,0.0
Keith Smith,FA,8,0.0
Rashaad Penny,FA,8,0.0
Khari Blasingame,FA,8,0.0
Sean Tucker,TB,8,0.0
Leonard Fournette,FA,8,0.0
Elijah Dotson,ATL,8,0.0
Jashaun Corbin,FA,8,0.0
Alex Armah Jr.,FA,8,0.5
Jake Funk,FA,8,0.0
Zonovan Knight,NYJ,8,0.0
Derrick Gore,FA,8,0.0
Anthony McFarland Jr.,FA,8,0.0
Tyrion Davis-Price,FA,8,0.0
Kenyan Drake,FA,8,0.0
Zach Evans,NYJ,8,0.0
Devine Ozigbo,FA,8,0.0
Jakob Johnson,HOU,8,0.0
Chris Evans,FA,8,0.0
Deon Jackson,FA,8,0.0
Adam Prentice,FA,8,0.0
Kene Nwangwu,NYJ,8,0.0
Evan Hull,PIT,8,0.0
Jonathan Ward,PIT,8,0.0
Reggie Gilliam,BUF,8,0.0
James Robinson,FA,8,0.0
Travis Homer,CHI,8,0.0
Bryant Koback,FA,8,0.0
Brittain Brown,FA,8,0.0
Jeremy McNichols,WAS,8,0.0
Julius Chestnut,TEN,8,0.0
JaMycal Hasty,FA,8,0.0
Henry Pearson,FA,8,0.0
Austin Walter,FA,8,0.0
Mohamed Ibrahim,FA,8,0.0
Godwin Igwebuike,FA,8,0.0
Marlon Mack,FA,8,0.0
Jordan Mims,FA,8,0.0
Corey Clement,FA,8,0.0
Patrick Laird,FA,8,0.0
Dwayne Washington,FA,8,0.0
SaRodorick Thompson Jr.,FA,8,0.0
Malik Davis,FA,8,0.0
Ben Mason,FA,8,0.0
Jonathan Williams,FA,8,0.0
,,8,0.0
,,8,0.0
Christian McCaffrey,SF,9,0.0
Raheem Mostert,LV,9,14.5
Travis Etienne Jr.,JAC,9,0.0
Breece Hall,NYJ,9,8.0
Joe Mixon,HOU,9,15.3
Kyren Williams,LAR,9,0.0
Rachaad White,TB,9,25.9
Derrick Henry,BAL,9,17.7
Bijan Robinson,ATL,9,4.9
Jahmyr Gibbs,DET,9,0.0
James Cook,BUF,9,5.9
Saquon Barkley,PHI,9,12.8
David Montgomery,DET,9,0.0
Alvin Kamara,NO,9,9.0
Tony Pollard,TEN,9,7.8
Isiah Pacheco,KC,9,6.6
Jerome Ford,CLE,9,10.2
James Conner,ARI,9,0.0
Kenneth Walker III,SEA,9,2.2
Najee Harris,LAC,9,14.6
Gus Edwards,FA,9,17.2
Brian Robinson Jr.,WAS,9,11.2
D'Andre Swift,CHI,9,8.4
De'Von Achane,MIA,9,0.0
Jaylen Warren,PIT,9,12.8
Chuba Hubbard,CAR,9,8.7
Josh Jacobs,GB,9,21.8
Austin Ekeler,WAS,9,20.0
Zack Moss,CIN,9,2.6
Javonte Williams,DAL,9,0.0
Devin Singletary,NYG,9,3.6
Ezekiel Elliott,FA,9,4.7
Jonathan Taylor,IND,9,15.4
Tyler Allgeier,ATL,9,10.0
Tyjae Spears,TEN,9,4.2
Rhamondre Stevenson,NE,9,20.9
Aaron Jones Sr.,MIN,9,15.9
Alexander Mattison,MIA,9,16.3
Kareem Hunt,KC,9,9.8
A.J. Dillon,PHI,9,4.8
Antonio Gibson,NE,9,10.1
Khalil Herbert,IND,9,0.0
Samaje Perine,CIN,9,0.0
Justice Hill,BAL,9,4.0
Ty Chandler,MIN,9,0.0
Jaleel McLaughlin,DEN,9,0.0
Zach Charbonnet,SEA,9,1.8
D'Onta Foreman,FA,9,8.3
Roschon Johnson,CHI,9,2.0
Rico Dowdle,CAR,9,0.8
Kenneth Gainwell,PIT,9,8.8
Dameon Pierce,HOU,9,0.0
Latavius Murray,FA,9,1.5
Miles Sanders,DAL,9,7.6
Jerick McKinnon,FA,9,9.4
Zamir White,LV,9,-0.2
Keaton Mitchell,BAL,9,19.9
Emari Demercado,ARI,9,0.0
Clyde Edwards-Helaire,NO,9,0.0
Joshua Kelley,FA,9,2.7
Jamaal Williams,FA,9,2.2
Michael Carter,ARI,9,5.4
Chase Brown,CIN,9,0.0
Royce Freeman,FA,9,3.2
Elijah Mitchell,KC,9,0.0
Jordan Mason,MIN,9,0.0
Cam Akers,FA,9,5.3
Pierre Strong Jr.,CLE,9,0.7
Darrell Henderson Jr.,FA,9,4.5
Matt Breida,FA,9,1.6
Kendre Miller,NO,9,3.6
Chris Rodriguez Jr.,WAS,9,0.0
Salvon Ahmed,IND,9,2.2
Jeff Wilson Jr.,FA,9,5.3
Dalvin Cook,FA,9,1.3
Chase Edmonds,FA,9,-0.1
Cordarrelle Patterson,PIT,9,0.8
Kyle Juszczyk,SF,9,0.0
Ameer Abdullah,FA,9,3.5
D'Ernest Johnson,FA,9,0.0
Ty Johnson,BUF,9,0.0
Tony Jones Jr.,FA,9,1.7
Craig Reynolds,DET,9,0.0
Darrynton Evans,BUF,9,3.1
Patrick Taylor Jr.,SF,9,0.0
Tank Bigsby,JAC,9,0.0
Nick Chubb,FA,9,0.0
Kevin Harris,FA,9,0.0
Trey Sermon,PIT,9,0.0
Alec Ingold,MIA,9,0.6
Melvin Gordon III,FA,9,0.0
Damien Harris,FA,9,0.0
Ronnie Rivers,LAR,9,0.0
Isaiah Spiller,FA,9,0.0
Tyler Goodson,IND,9,0.0
Raheem Blackshear,CAR,9,1.0
Boston Scott,FA,9,0.0
Patrick Ricard,BAL,9,0.0
Israel Abanikanda,SF,9,0.0
Emanuel Wilson,GB,9,4.3
La'Mical Perine,FA,9,0.1
Keaontay Ingram,KC,9,0.8
Deuce Vaughn,DAL,9,0.0
Trayveon Williams,NE,9,1.3
Hunter Luepke,DAL,9,0.0
Brandon Bolden,FA,9,0.0
J.K. Dobbins,FA,9,0.0
Chris Brooks,GB,9,0.0
Nick Bawden,FA,9,1.2
Eric Gray,NYG,9,0.0
Mike Boone,FA,9,0.3
Dare Ogunbowale,HOU,9,3.0
Gary Brightwell,CIN,9,0.0
Ty Montgomery II,FA,9,0.0
C.J. Ham,MIN,9,0.0
Damien Williams,FA,9,0.0
Ke'Shawn Vaughn,FA,9,1.3
Michael Burton,DEN,9,0.0
DeeJay Dallas,ARI,9,0.0
Keith Smith,FA,9,0.0
Rashaad Penny,FA,9,0.8
Khari Blasingame,FA,9,0.0
Sean Tucker,TB,9,0.0
Leonard Fournette,FA,9,0.0
Elijah Dotson,ATL,9,0.0
Jashaun Corbin,FA,9,0.0
Alex Armah Jr.,FA,9,0.0
Jake Funk,FA,9,0.0
Zonovan Knight,NYJ,9,0.0
Derrick Gore,FA,9,0.0
Anthony McFarland Jr.,FA,9,0.0
Tyrion Davis-Price,FA,9,0.0
Kenyan Drake,FA,9,0.0
Zach Evans,NYJ,9,0.0
Devine Ozigbo,FA,9,0.0
Jakob Johnson,HOU,9,0.0
Chris Evans,FA,9,0.0
Deon Jackson,FA,9,0.2
Adam Prentice,FA,9,0.0
Kene Nwangwu,NYJ,9,0.0
Evan Hull,PIT,9,0.0
Jonathan Ward,PIT,9,0.0
Reggie Gilliam,BUF,9,0.0
James Robinson,FA,9,0.0
Travis Homer,CHI,9,0.0
Bryant Koback,FA,9,0.0
Brittain Brown,FA,9,0.0
Jeremy McNichols,WAS,9,0.0
Julius Chestnut,TEN,9,0.0
JaMycal Hasty,FA,9,0.0
Henry Pearson,FA,9,0.0
Austin Walter,FA,9,0.0
Mohamed Ibrahim,FA,9,0.0
Godwin Igwebuike,FA,9,0.0
Marlon Mack,FA,9,0.0
Jordan Mims,FA,9,0.0
Corey Clement,FA,9,0.0
Patrick Laird,FA,9,0.0
Dwayne Washington,FA,9,0.0
SaRodorick Thompson Jr.,FA,9,0.0
Malik Davis,FA,9,0.0
Ben Mason,FA,9,0.0
Jonathan Williams,FA,9,0.0
,,9,0.0
,,9,0.0
Christian McCaffrey,SF,10,17.2
Raheem Mostert,LV,10,0.0
Travis Etienne Jr.,JAC,10,5.4
Breece Hall,NYJ,10,9.0
Joe Mixon,HOU,10,11.5
Kyren Williams,LAR,10,0.0
Rachaad White,TB,10,16.8
Derrick Henry,BAL,10,2.5
Bijan Robinson,ATL,10,17.1
Jahmyr Gibbs,DET,10,24.7
James Cook,BUF,10,11.0
Saquon Barkley,PHI,10,6.6
David Montgomery,DET,10,17.6
Alvin Kamara,NO,10,15.0
Tony Pollard,TEN,10,5.5
Isiah Pacheco,KC,10,0.0
Jerome Ford,CLE,10,11.4
James Conner,ARI,10,7.3
Kenneth Walker III,SEA,10,19.2
Najee Harris,LAC,10,17.1
Gus Edwards,FA,10,9.3
Brian Robinson Jr.,WAS,10,24.7
D'Andre Swift,CHI,10,0.0
De'Von Achane,MIA,10,0.0
Jaylen Warren,PIT,10,18.0
Chuba Hubbard,CAR,10,4.9
Josh Jacobs,GB,10,11.7
Austin Ekeler,WAS,10,19.5
Zack Moss,CIN,10,0.2
Javonte Williams,DAL,10,19.0
Devin Singletary,NYG,10,22.6
Ezekiel Elliott,FA,10,9.8
Jonathan Taylor,IND,10,14.0
Tyler Allgeier,ATL,10,4.3
Tyjae Spears,TEN,10,8.0
Rhamondre Stevenson,NE,10,11.7
Aaron Jones Sr.,MIN,10,7.4
Alexander Mattison,MIA,10,3.8
Kareem Hunt,KC,10,9.2
A.J. Dillon,PHI,10,8.6
Antonio Gibson,NE,10,14.0
Khalil Herbert,IND,10,0.0
Samaje Perine,CIN,10,5.8
Justice Hill,BAL,10,0.7
Ty Chandler,MIN,10,10.5
Jaleel McLaughlin,DEN,10,2.2
Zach Charbonnet,SEA,10,8.2
D'Onta Foreman,FA,10,16.2
Roschon Johnson,CHI,10,5.2
Rico Dowdle,CAR,10,13.9
Kenneth Gainwell,PIT,10,0.0
Dameon Pierce,HOU,10,0.0
Latavius Murray,FA,10,13.9
Miles Sanders,DAL,10,2.0
Jerick McKinnon,FA,10,0.0
Zamir White,LV,10,0.5
Keaton Mitchell,BAL,10,13.1
Emari Demercado,ARI,10,0.0
Clyde Edwards-Helaire,NO,10,0.0
Joshua Kelley,FA,10,1.6
Jamaal Williams,FA,10,1.5
Michael Carter,ARI,10,0.0
Chase Brown,CIN,10,0.0
Royce Freeman,FA,10,0.0
Elijah Mitchell,KC,10,2.3
Jordan Mason,MIN,10,0.0
Cam Akers,FA,10,0.0
Pierre Strong Jr.,CLE,10,0.0
Darrell Henderson Jr.,FA,10,0.0
Matt Breida,FA,10,0.3
Kendre Miller,NO,10,0.0
Chris Rodriguez Jr.,WAS,10,0.0
Salvon Ahmed,IND,10,0.0
Jeff Wilson Jr.,FA,10,0.0
Dalvin Cook,FA,10,2.6
Chase Edmonds,FA,10,1.2
Cordarrelle Patterson,PIT,10,3.0
Kyle Juszczyk,SF,10,9.6
Ameer Abdullah,FA,10,0.9
D'Ernest Johnson,FA,10,5.0
Ty Johnson,BUF,10,0.2
Tony Jones Jr.,FA,10,1.3
Craig Reynolds,DET,10,0.0
Darrynton Evans,BUF,10,0.5
Patrick Taylor Jr.,SF,10,0.0
Tank Bigsby,JAC,10,0.5
Nick Chubb,FA,10,0.0
Kevin Harris,FA,10,0.0
Trey Sermon,PIT,10,0.0
Alec Ingold,MIA,10,0.0
Melvin Gordon III,FA,10,0.0
Damien Harris,FA,10,0.0
Ronnie Rivers,LAR,10,0.0
Isaiah Spiller,FA,10,0.0
Tyler Goodson,IND,10,0.0
Raheem Blackshear,CAR,10,1.8
Boston Scott,FA,10,0.0
Patrick Ricard,BAL,10,0.0
Israel Abanikanda,SF,10,0.0
Emanuel Wilson,GB,10,0.0
La'Mical Perine,FA,10,0.0
Keaontay Ingram,KC,10,0.2
Deuce Vaughn,DAL,10,1.4
Trayveon Williams,NE,10,0.7
Hunter Luepke,DAL,10,0.0
Brandon Bolden,FA,10,0.0
J.K. Dobbins,FA,10,0.0
Chris Brooks,GB,10,0.0
Nick Bawden,FA,10,0.0
Eric Gray,NYG,10,0.0
Mike Boone,FA,10,1.6
Dare Ogunbowale,HOU,10,0.0
Gary Brightwell,CIN,10,0.0
Ty Montgomery II,FA,10,0.0
C.J. Ham,MIN,10,0.0
Damien Williams,FA,10,0.0
Ke'Shawn Vaughn,FA,10,0.0
Michael Burton,DEN,10,0.0
DeeJay Dallas,ARI,10,0.0
Keith Smith,FA,10,0.0
Rashaad Penny,FA,10,0.0
Khari Blasingame,FA,10,0.0
Sean Tucker,TB,10,0.0
Leonard Fournette,FA,10,0.0
Elijah Dotson,ATL,10,0.0
Jashaun Corbin,FA,10,2.8
Alex Armah Jr.,FA,10,0.8
Jake Funk,FA,10,0.0
Zonovan Knight,NYJ,10,0.0
Derrick Gore,FA,10,0.0
Anthony McFarland Jr.,FA,10,0.0
Tyrion Davis-Price,FA,10,0.0
Kenyan Drake,FA,10,0.0
Zach Evans,NYJ,10,0.0
Devine Ozigbo,FA,10,0.0
Jakob Johnson,HOU,10,0.0
Chris Evans,FA,10,0.0
Deon Jackson,FA,10,0.0
Adam Prentice,FA,10,0.0
Kene Nwangwu,NYJ,10,0.9
Evan Hull,PIT,10,0.0
Jonathan Ward,PIT,10,0.0
Reggie Gilliam,BUF,10,0.0
James Robinson,FA,10,0.0
Travis Homer,CHI,10,0.0
Bryant Koback,FA,10,0.0
Brittain Brown,FA,10,0.0
Jeremy McNichols,WAS,10,0.0
Julius Chestnut,TEN,10,0.0
JaMycal Hasty,FA,10,0.0
Henry Pearson,FA,10,0.0
Austin Walter,FA,10,0.0
Mohamed Ibrahim,FA,10,0.0
Godwin Igwebuike,FA,10,0.0
Marlon Mack,FA,10,0.0
Jordan Mims,FA,10,0.0
Corey Clement,FA,10,0.0
Patrick Laird,FA,10,0.0
Dwayne Washington,FA,10,0.0
SaRodorick Thompson Jr.,FA,10,0.0
Malik Davis,FA,10,0.0
Ben Mason,FA,10,0.0
Jonathan Williams,FA,10,0.0
,,10,0.0
,,10,0.0
Christian McCaffrey,SF,11,18.8
Raheem Mostert,LV,11,9.8
Travis Etienne Jr.,JAC,11,7.4
Breece Hall,NYJ,11,15.8
Joe Mixon,HOU,11,18.5
Kyren Williams,LAR,11,0.0
Rachaad White,TB,11,14.8
Derrick Henry,BAL,11,4.9
Bijan Robinson,ATL,11,0.0
Jahmyr Gibbs,DET,11,18.5
James Cook,BUF,11,17.7
Saquon Barkley,PHI,11,28.0
David Montgomery,DET,11,16.8
Alvin Kamara,NO,11,0.0
Tony Pollard,TEN,11,16.0
Isiah Pacheco,KC,11,9.6
Jerome Ford,CLE,11,10.9
James Conner,ARI,11,7.3
Kenneth Walker III,SEA,11,2.1
Najee Harris,LAC,11,4.1
Gus Edwards,FA,11,20.0
Brian Robinson Jr.,WAS,11,16.7
D'Andre Swift,CHI,11,18.2
De'Von Achane,MIA,11,1.0
Jaylen Warren,PIT,11,22.0
Chuba Hubbard,CAR,11,7.5
Josh Jacobs,GB,11,5.6
Austin Ekeler,WAS,11,6.0
Zack Moss,CIN,11,0.0
Javonte Williams,DAL,11,6.3
Devin Singletary,NYG,11,18.8
Ezekiel Elliott,FA,11,0.0
Jonathan Taylor,IND,11,0.0
Tyler Allgeier,ATL,11,0.0
Tyjae Spears,TEN,11,3.6
Rhamondre Stevenson,NE,11,0.0
Aaron Jones Sr.,MIN,11,2.2
Alexander Mattison,MIA,11,6.5
Kareem Hunt,KC,11,5.2
A.J. Dillon,PHI,11,8.1
Antonio Gibson,NE,11,0.0
Khalil Herbert,IND,11,5.1
Samaje Perine,CIN,11,10.2
Justice Hill,BAL,11,1.2
Ty Chandler,MIN,11,13.0
Jaleel McLaughlin,DEN,11,4.0
Zach Charbonnet,SEA,11,9.9
D'Onta Foreman,FA,11,7.4
Roschon Johnson,CHI,11,3.0
Rico Dowdle,CAR,11,3.0
Kenneth Gainwell,PIT,11,1.0
Dameon Pierce,HOU,11,0.0
Latavius Murray,FA,11,3.5
Miles Sanders,DAL,11,5.7
Jerick McKinnon,FA,11,2.5
Zamir White,LV,11,0.0
Keaton Mitchell,BAL,11,4.6
Emari Demercado,ARI,11,0.0
Clyde Edwards-Helaire,NO,11,2.0
Joshua Kelley,FA,11,1.3
Jamaal Williams,FA,11,0.0
Michael Carter,ARI,11,0.0
Chase Brown,CIN,11,0.0
Royce Freeman,FA,11,7.3
Elijah Mitchell,KC,11,2.4
Jordan Mason,MIN,11,0.0
Cam Akers,FA,11,0.0
Pierre Strong Jr.,CLE,11,1.0
Darrell Henderson Jr.,FA,11,10.9
Matt Breida,FA,11,-0.1
Kendre Miller,NO,11,0.0
Chris Rodriguez Jr.,WAS,11,3.3
Salvon Ahmed,IND,11,10.6
Jeff Wilson Jr.,FA,11,0.0
Dalvin Cook,FA,11,1.3
Chase Edmonds,FA,11,2.4
Cordarrelle Patterson,PIT,11,0.0
Kyle Juszczyk,SF,11,0.0
Ameer Abdullah,FA,11,0.9
D'Ernest Johnson,FA,11,5.9
Ty Johnson,BUF,11,13.3
Tony Jones Jr.,FA,11,2.6
Craig Reynolds,DET,11,-2.0
Darrynton Evans,BUF,11,0.0
Patrick Taylor Jr.,SF,11,0.0
Tank Bigsby,JAC,11,2.1
Nick Chubb,FA,11,0.0
Kevin Harris,FA,11,0.0
Trey Sermon,PIT,11,0.0
Alec Ingold,MIA,11,3.1
Melvin Gordon III,FA,11,0.0
Damien Harris,FA,11,0.0
Ronnie Rivers,LAR,11,0.0
Isaiah Spiller,FA,11,0.0
Tyler Goodson,IND,11,0.0
Raheem Blackshear,CAR,11,0.0
Boston Scott,FA,11,0.8
Patrick Ricard,BAL,11,0.0
Israel Abanikanda,SF,11,2.1
Emanuel Wilson,GB,11,2.6
La'Mical Perine,FA,11,0.0
Keaontay Ingram,KC,11,0.0
Deuce Vaughn,DAL,11,0.0
Trayveon Williams,NE,11,2.0
Hunter Luepke,DAL,11,0.0
Brandon Bolden,FA,11,0.0
J.K. Dobbins,FA,11,0.0
Chris Brooks,GB,11,0.0
Nick Bawden,FA,11,0.0
Eric Gray,NYG,11,0.0
Mike Boone,FA,11,1.0
Dare Ogunbowale,HOU,11,0.0
Gary Brightwell,CIN,11,0.0
Ty Montgomery II,FA,11,0.0
C.J. Ham,MIN,11,0.0
Damien Williams,FA,11,0.0
Ke'Shawn Vaughn,FA,11,0.0
Michael Burton,DEN,11,0.0
DeeJay Dallas,ARI,11,1.9
Keith Smith,FA,11,0.0
Rashaad Penny,FA,11,0.0
Khari Blasingame,FA,11,0.0
Sean Tucker,TB,11,0.0
Leonard Fournette,FA,11,0.0
Elijah Dotson,ATL,11,0.0
Jashaun Corbin,FA,11,0.0
Alex Armah Jr.,FA,11,0.0
Jake Funk,FA,11,0.0
Zonovan Knight,NYJ,11,0.0
Derrick Gore,FA,11,2.3
Anthony McFarland Jr.,FA,11,0.0
Tyrion Davis-Price,FA,11,0.0
Kenyan Drake,FA,11,0.0
Zach Evans,NYJ,11,0.0
Devine Ozigbo,FA,11,0.0
Jakob Johnson,HOU,11,0.0
Chris Evans,FA,11,0.0
Deon Jackson,FA,11,0.0
Adam Prentice,FA,11,0.0
Kene Nwangwu,NYJ,11,0.0
Evan Hull,PIT,11,0.0
Jonathan Ward,PIT,11,0.0
Reggie Gilliam,BUF,11,0.0
James Robinson,FA,11,0.0
Travis Homer,CHI,11,0.0
Bryant Koback,FA,11,0.0
Brittain Brown,FA,11,0.0
Jeremy McNichols,WAS,11,0.0
Julius Chestnut,TEN,11,0.0
JaMycal Hasty,FA,11,0.0
Henry Pearson,FA,11,0.0
Austin Walter,FA,11,0.0
Mohamed Ibrahim,FA,11,0.0
Godwin Igwebuike,FA,11,0.0
Marlon Mack,FA,11,0.0
Jordan Mims,FA,11,0.0
Corey Clement,FA,11,0.0
Patrick Laird,FA,11,0.0
Dwayne Washington,FA,11,0.0
SaRodorick Thompson Jr.,FA,11,0.0
Malik Davis,FA,11,0.0
Ben Mason,FA,11,0.0
Jonathan Williams,FA,11,0.0
,,11,0.0
,,11,0.0
Christian McCaffrey,SF,12,28.4
Raheem Mostert,LV,12,21.4
Travis Etienne Jr.,JAC,12,10.6
Breece Hall,NYJ,12,8.4
Joe Mixon,HOU,12,7.0
Kyren Williams,LAR,12,35.4
Rachaad White,TB,12,12.0
Derrick Henry,BAL,12,20.1
Bijan Robinson,ATL,12,25.8
Jahmyr Gibbs,DET,12,9.3
James Cook,BUF,12,13.0
Saquon Barkley,PHI,12,5.7
David Montgomery,DET,12,15.1
Alvin Kamara,NO,12,13.9
Tony Pollard,TEN,12,19.3
Isiah Pacheco,KC,12,23.4
Jerome Ford,CLE,12,9.9
James Conner,ARI,12,5.2
Kenneth Walker III,SEA,12,0.0
Najee Harris,LAC,12,15.9
Gus Edwards,FA,12,4.2
Brian Robinson Jr.,WAS,12,7.4
D'Andre Swift,CHI,12,8.9
De'Von Achane,MIA,12,0.0
Jaylen Warren,PIT,12,5.7
Chuba Hubbard,CAR,12,17.7
Josh Jacobs,GB,12,20.5
Austin Ekeler,WAS,12,6.9
Zack Moss,CIN,12,8.0
Javonte Williams,DAL,12,8.6
Devin Singletary,NYG,12,10.2
Ezekiel Elliott,FA,12,6.2
Jonathan Taylor,IND,12,21.1
Tyler Allgeier,ATL,12,6.4
Tyjae Spears,TEN,12,1.2
Rhamondre Stevenson,NE,12,19.2
Aaron Jones Sr.,MIN,12,0.0
Alexander Mattison,MIA,12,7.3
Kareem Hunt,KC,12,2.2
A.J. Dillon,PHI,12,9.6
Antonio Gibson,NE,12,5.2
Khalil Herbert,IND,12,4.8
Samaje Perine,CIN,12,13.1
Justice Hill,BAL,12,3.1
Ty Chandler,MIN,12,1.6
Jaleel McLaughlin,DEN,12,0.4
Zach Charbonnet,SEA,12,7.8
D'Onta Foreman,FA,12,0.0
Roschon Johnson,CHI,12,10.0
Rico Dowdle,CAR,12,9.1
Kenneth Gainwell,PIT,12,4.6
Dameon Pierce,HOU,12,2.3
Latavius Murray,FA,12,6.3
Miles Sanders,DAL,12,2.8
Jerick McKinnon,FA,12,0.0
Zamir White,LV,12,0.0
Keaton Mitchell,BAL,12,9.9
Emari Demercado,ARI,12,1.5
Clyde Edwards-Helaire,NO,12,0.5
Joshua Kelley,FA,12,2.4
Jamaal Williams,FA,12,2.0
Michael Carter,ARI,12,5.4
Chase Brown,CIN,12,0.0
Royce Freeman,FA,12,13.7
Elijah Mitchell,KC,12,4.1
Jordan Mason,MIN,12,0.0
Cam Akers,FA,12,0.0
Pierre Strong Jr.,CLE,12,0.0
Darrell Henderson Jr.,FA,12,0.0
Matt Breida,FA,12,2.1
Kendre Miller,NO,12,0.0
Chris Rodriguez Jr.,WAS,12,2.1
Salvon Ahmed,IND,12,0.0
Jeff Wilson Jr.,FA,12,8.8
Dalvin Cook,FA,12,3.1
Chase Edmonds,FA,12,1.1
Cordarrelle Patterson,PIT,12,4.3
Kyle Juszczyk,SF,12,0.0
Ameer Abdullah,FA,12,1.8
D'Ernest Johnson,FA,12,6.6
Ty Johnson,BUF,12,1.9
Tony Jones Jr.,FA,12,0.0
Craig Reynolds,DET,12,0.0
Darrynton Evans,BUF,12,1.6
Patrick Taylor Jr.,SF,12,2.0
Tank Bigsby,JAC,12,0.6
Nick Chubb,FA,12,0.0
Kevin Harris,FA,12,0.0
Trey Sermon,PIT,12,0.0
Alec Ingold,MIA,12,0.0
Melvin Gordon III,FA,12,0.0
Damien Harris,FA,12,0.0
Ronnie Rivers,LAR,12,0.0
Isaiah Spiller,FA,12,0.0
Tyler Goodson,IND,12,0.0
Raheem Blackshear,CAR,12,0.0
Boston Scott,FA,12,1.4
Patrick Ricard,BAL,12,0.0
Israel Abanikanda,SF,12,0.0
Emanuel Wilson,GB,12,0.0
La'Mical Perine,FA,12,0.0
Keaontay Ingram,KC,12,0.0
Deuce Vaughn,DAL,12,0.0
Trayveon Williams,NE,12,0.0
Hunter Luepke,DAL,12,0.0
Brandon Bolden,FA,12,0.0
J.K. Dobbins,FA,12,0.0
Chris Brooks,GB,12,0.0
Nick Bawden,FA,12,1.1
Eric Gray,NYG,12,0.0
Mike Boone,FA,12,0.0
Dare Ogunbowale,HOU,12,0.0
Gary Brightwell,CIN,12,0.0
Ty Montgomery II,FA,12,0.0
C.J. Ham,MIN,12,1.3
Damien Williams,FA,12,0.0
Ke'Shawn Vaughn,FA,12,0.0
Michael Burton,DEN,12,0.0
DeeJay Dallas,ARI,12,0.0
Keith Smith,FA,12,1.1
Rashaad Penny,FA,12,0.0
Khari Blasingame,FA,12,0.0
Sean Tucker,TB,12,0.0
Leonard Fournette,FA,12,0.0
Elijah Dotson,ATL,12,0.0
Jashaun Corbin,FA,12,0.0
Alex Armah Jr.,FA,12,0.0
Jake Funk,FA,12,0.0
Zonovan Knight,NYJ,12,0.0
Derrick Gore,FA,12,0.0
Anthony McFarland Jr.,FA,12,0.0
Tyrion Davis-Price,FA,12,0.0
Kenyan Drake,FA,12,0.0
Zach Evans,NYJ,12,0.6
Devine Ozigbo,FA,12,0.0
Jakob Johnson,HOU,12,0.0
Chris Evans,FA,12,0.0
Deon Jackson,FA,12,0.0
Adam Prentice,FA,12,0.0
Kene Nwangwu,NYJ,12,0.0
Evan Hull,PIT,12,0.0
Jonathan Ward,PIT,12,0.0
Reggie Gilliam,BUF,12,0.0
James Robinson,FA,12,0.0
Travis Homer,CHI,12,0.0
Bryant Koback,FA,12,0.0
Brittain Brown,FA,12,0.0
Jeremy McNichols,WAS,12,0.0
Julius Chestnut,TEN,12,0.0
JaMycal Hasty,FA,12,0.0
Henry Pearson,FA,12,0.0
Austin Walter,FA,12,0.0
Mohamed Ibrahim,FA,12,0.0
Godwin Igwebuike,FA,12,0.0
Marlon Mack,FA,12,0.0
Jordan Mims,FA,12,0.0
Corey Clement,FA,12,0.0
Patrick Laird,FA,12,0.0
Dwayne Washington,FA,12,0.0
SaRodorick Thompson Jr.,FA,12,0.0
Malik Davis,FA,12,0.0
Ben Mason,FA,12,0.0
Jonathan Williams,FA,12,0.0
,,12,0.0
,,12,0.0
Christian McCaffrey,SF,13,20.8
Raheem Mostert,LV,13,11.6
Travis Etienne Jr.,JAC,13,15.9
Breece Hall,NYJ,13,7.5
Joe Mixon,HOU,13,26.7
Kyren Williams,LAR,13,18.7
Rachaad White,TB,13,18.1
Derrick Henry,BAL,13,24.5
Bijan Robinson,ATL,13,9.4
Jahmyr Gibbs,DET,13,5.9
James Cook,BUF,13,0.0
Saquon Barkley,PHI,13,0.0
David Montgomery,DET,13,12.0
Alvin Kamara,NO,13,25.9
Tony Pollard,TEN,13,15.8
Isiah Pacheco,KC,13,19.8
Jerome Ford,CLE,13,12.7
James Conner,ARI,13,22.5
Kenneth Walker III,SEA,13,0.0
Najee Harris,LAC,13,8.7
Gus Edwards,FA,13,0.0
Brian Robinson Jr.,WAS,13,5.3
D'Andre Swift,CHI,13,3.0
De'Von Achane,MIA,13,23.8
Jaylen Warren,PIT,13,6.0
Chuba Hubbard,CAR,13,22.4
Josh Jacobs,GB,13,0.0
Austin Ekeler,WAS,13,3.7
Zack Moss,CIN,13,6.7
Javonte Williams,DAL,13,8.5
Devin Singletary,NYG,13,4.5
Ezekiel Elliott,FA,13,11.2
Jonathan Taylor,IND,13,0.0
Tyler Allgeier,ATL,13,2.6
Tyjae Spears,TEN,13,10.8
Rhamondre Stevenson,NE,13,2.4
Aaron Jones Sr.,MIN,13,0.0
Alexander Mattison,MIA,13,0.0
Kareem Hunt,KC,13,5.3
A.J. Dillon,PHI,13,9.2
Antonio Gibson,NE,13,9.2
Khalil Herbert,IND,13,0.0
Samaje Perine,CIN,13,1.6
Justice Hill,BAL,13,0.0
Ty Chandler,MIN,13,0.0
Jaleel McLaughlin,DEN,13,3.1
Zach Charbonnet,SEA,13,16.4
D'Onta Foreman,FA,13,0.0
Roschon Johnson,CHI,13,0.0
Rico Dowdle,CAR,13,2.7
Kenneth Gainwell,PIT,13,7.2
Dameon Pierce,HOU,13,10.1
Latavius Murray,FA,13,0.0
Miles Sanders,DAL,13,3.4
Jerick McKinnon,FA,13,0.0
Zamir White,LV,13,0.0
Keaton Mitchell,BAL,13,0.0
Emari Demercado,ARI,13,0.0
Clyde Edwards-Helaire,NO,13,1.9
Joshua Kelley,FA,13,3.5
Jamaal Williams,FA,13,2.1
Michael Carter,ARI,13,2.5
Chase Brown,CIN,13,6.1
Royce Freeman,FA,13,0.0
Elijah Mitchell,KC,13,1.3
Jordan Mason,MIN,13,1.0
Cam Akers,FA,13,0.0
Pierre Strong Jr.,CLE,13,2.0
Darrell Henderson Jr.,FA,13,0.0
Matt Breida,FA,13,0.0
Kendre Miller,NO,13,0.0
Chris Rodriguez Jr.,WAS,13,2.9
Salvon Ahmed,IND,13,0.0
Jeff Wilson Jr.,FA,13,1.1
Dalvin Cook,FA,13,3.1
Chase Edmonds,FA,13,1.4
Cordarrelle Patterson,PIT,13,2.2
Kyle Juszczyk,SF,13,0.0
Ameer Abdullah,FA,13,0.0
D'Ernest Johnson,FA,13,1.4
Ty Johnson,BUF,13,0.0
Tony Jones Jr.,FA,13,0.0
Craig Reynolds,DET,13,0.0
Darrynton Evans,BUF,13,0.0
Patrick Taylor Jr.,SF,13,2.9
Tank Bigsby,JAC,13,0.0
Nick Chubb,FA,13,0.0
Kevin Harris,FA,13,0.0
Trey Sermon,PIT,13,0.0
Alec Ingold,MIA,13,0.2
Melvin Gordon III,FA,13,0.0
Damien Harris,FA,13,0.0
Ronnie Rivers,LAR,13,0.0
Isaiah Spiller,FA,13,0.0
Tyler Goodson,IND,13,2.1
Raheem Blackshear,CAR,13,0.6
Boston Scott,FA,13,3.4
Patrick Ricard,BAL,13,0.0
Israel Abanikanda,SF,13,0.0
Emanuel Wilson,GB,13,0.0
La'Mical Perine,FA,13,0.0
Keaontay Ingram,KC,13,0.0
Deuce Vaughn,DAL,13,0.0
Trayveon Williams,NE,13,0.0
Hunter Luepke,DAL,13,0.0
Brandon Bolden,FA,13,0.0
J.K. Dobbins,FA,13,0.0
Chris Brooks,GB,13,0.0
Nick Bawden,FA,13,0.0
Eric Gray,NYG,13,0.0
Mike Boone,FA,13,0.0
Dare Ogunbowale,HOU,13,2.0
Gary Brightwell,CIN,13,0.0
Ty Montgomery II,FA,13,0.2
C.J. Ham,MIN,13,0.0
Damien Williams,FA,13,0.0
Ke'Shawn Vaughn,FA,13,0.0
Michael Burton,DEN,13,0.4
DeeJay Dallas,ARI,13,0.6
Keith Smith,FA,13,0.0
Rashaad Penny,FA,13,0.0
Khari Blasingame,FA,13,0.0
Sean Tucker,TB,13,0.0
Leonard Fournette,FA,13,0.0
Elijah Dotson,ATL,13,0.0
Jashaun Corbin,FA,13,0.0
Alex Armah Jr.,FA,13,0.0
Jake Funk,FA,13,0.0
Zonovan Knight,NYJ,13,0.0
Derrick Gore,FA,13,0.0
Anthony McFarland Jr.,FA,13,0.0
Tyrion Davis-Price,FA,13,0.0
Kenyan Drake,FA,13,0.0
Zach Evans,NYJ,13,0.0
Devine Ozigbo,FA,13,0.0
Jakob Johnson,HOU,13,0.0
Chris Evans,FA,13,0.0
Deon Jackson,FA,13,0.0
Adam Prentice,FA,13,0.0
Kene Nwangwu,NYJ,13,0.0
Evan Hull,PIT,13,0.0
Jonathan Ward,PIT,13,0.0
Reggie Gilliam,BUF,13,0.0
James Robinson,FA,13,0.5
Travis Homer,CHI,13,0.0
Bryant Koback,FA,13,0.0
Brittain Brown,FA,13,0.0
Jeremy McNichols,WAS,13,0.0
Julius Chestnut,TEN,13,0.0
JaMycal Hasty,FA,13,0.0
Henry Pearson,FA,13,0.0
Austin Walter,FA,13,0.0
Mohamed Ibrahim,FA,13,0.0
Godwin Igwebuike,FA,13,0.0
Marlon Mack,FA,13,0.0
Jordan Mims,FA,13,0.0
Corey Clement,FA,13,0.0
Patrick Laird,FA,13,0.0
Dwayne Washington,FA,13,0.0
SaRodorick Thompson Jr.,FA,13,0.0
Malik Davis,FA,13,0.0
Ben Mason,FA,13,0.0
Jonathan Williams,FA,13,0.0
,,13,0.0
,,13,0.0
Christian McCaffrey,SF,14,15.8
Raheem Mostert,LV,14,22.5
Travis Etienne Jr.,JAC,14,15.2
Breece Hall,NYJ,14,22.6
Joe Mixon,HOU,14,20.0
Kyren Williams,LAR,14,12.8
Rachaad White,TB,14,20.5
Derrick Henry,BAL,14,17.6
Bijan Robinson,ATL,14,17.3
Jahmyr Gibbs,DET,14,15.7
James Cook,BUF,14,22.6
Saquon Barkley,PHI,14,21.6
David Montgomery,DET,14,10.0
Alvin Kamara,NO,14,12.0
Tony Pollard,TEN,14,13.1
Isiah Pacheco,KC,14,0.0
Jerome Ford,CLE,14,10.7
James Conner,ARI,14,0.0
Kenneth Walker III,SEA,14,7.4
Najee Harris,LAC,14,6.3
Gus Edwards,FA,14,1.5
Brian Robinson Jr.,WAS,14,0.0
D'Andre Swift,CHI,14,3.9
De'Von Achane,MIA,14,9.6
Jaylen Warren,PIT,14,6.0
Chuba Hubbard,CAR,14,10.6
Josh Jacobs,GB,14,6.0
Austin Ekeler,WAS,14,18.5
Zack Moss,CIN,14,7.6
Javonte Williams,DAL,14,16.6
Devin Singletary,NYG,14,12.5
Ezekiel Elliott,FA,14,23.5
Jonathan Taylor,IND,14,0.0
Tyler Allgeier,ATL,14,4.0
Tyjae Spears,TEN,14,14.8
Rhamondre Stevenson,NE,14,0.0
Aaron Jones Sr.,MIN,14,0.0
Alexander Mattison,MIA,14,6.6
Kareem Hunt,KC,14,9.5
A.J. Dillon,PHI,14,8.8
Antonio Gibson,NE,14,0.0
Khalil Herbert,IND,14,0.8
Samaje Perine,CIN,14,6.9
Justice Hill,BAL,14,1.7
Ty Chandler,MIN,14,5.7
Jaleel McLaughlin,DEN,14,3.7
Zach Charbonnet,SEA,14,5.3
D'Onta Foreman,FA,14,8.2
Roschon Johnson,CHI,14,0.6
Rico Dowdle,CAR,14,11.7
Kenneth Gainwell,PIT,14,2.8
Dameon Pierce,HOU,14,1.2
Latavius Murray,FA,14,3.5
Miles Sanders,DAL,14,7.4
Jerick McKinnon,FA,14,11.2
Zamir White,LV,14,0.8
Keaton Mitchell,BAL,14,6.7
Emari Demercado,ARI,14,0.0
Clyde Edwards-Helaire,NO,14,7.8
Joshua Kelley,FA,14,0.6
Jamaal Williams,FA,14,4.3
Michael Carter,ARI,14,0.0
Chase Brown,CIN,14,18.0
Royce Freeman,FA,14,0.9
Elijah Mitchell,KC,14,0.0
Jordan Mason,MIN,14,9.1
Cam Akers,FA,14,0.0
Pierre Strong Jr.,CLE,14,0.0
Darrell Henderson Jr.,FA,14,0.0
Matt Breida,FA,14,1.6
Kendre Miller,NO,14,0.0
Chris Rodriguez Jr.,WAS,14,0.0
Salvon Ahmed,IND,14,0.0
Jeff Wilson Jr.,FA,14,0.0
Dalvin Cook,FA,14,1.3
Chase Edmonds,FA,14,6.8
Cordarrelle Patterson,PIT,14,0.7
Kyle Juszczyk,SF,14,0.0
Ameer Abdullah,FA,14,2.9
D'Ernest Johnson,FA,14,3.8
Ty Johnson,BUF,14,3.1
Tony Jones Jr.,FA,14,0.0
Craig Reynolds,DET,14,0.0
Darrynton Evans,BUF,14,0.0
Patrick Taylor Jr.,SF,14,6.2
Tank Bigsby,JAC,14,0.0
Nick Chubb,FA,14,0.0
Kevin Harris,FA,14,0.0
Trey Sermon,PIT,14,1.3
Alec Ingold,MIA,14,1.8
Melvin Gordon III,FA,14,0.0
Damien Harris,FA,14,0.0
Ronnie Rivers,LAR,14,0.0
Isaiah Spiller,FA,14,1.9
Tyler Goodson,IND,14,0.3
Raheem Blackshear,CAR,14,1.3
Boston Scott,FA,14,0.9
Patrick Ricard,BAL,14,0.0
Israel Abanikanda,SF,14,-0.1
Emanuel Wilson,GB,14,0.0
La'Mical Perine,FA,14,0.0
Keaontay Ingram,KC,14,0.0
Deuce Vaughn,DAL,14,0.0
Trayveon Williams,NE,14,0.4
Hunter Luepke,DAL,14,0.0
Brandon Bolden,FA,14,0.0
J.K. Dobbins,FA,14,0.0
Chris Brooks,GB,14,0.0
Nick Bawden,FA,14,0.3
Eric Gray,NYG,14,0.0
Mike Boone,FA,14,0.0
Dare Ogunbowale,HOU,14,1.6
Gary Brightwell,CIN,14,0.0
Ty Montgomery II,FA,14,2.2
C.J. Ham,MIN,14,0.7
Damien Williams,FA,14,0.0
Ke'Shawn Vaughn,FA,14,0.0
Michael Burton,DEN,14,0.8
DeeJay Dallas,ARI,14,0.0
Keith Smith,FA,14,0.0
Rashaad Penny,FA,14,0.0
Khari Blasingame,FA,14,0.2
Sean Tucker,TB,14,0.0
Leonard Fournette,FA,14,0.0
Elijah Dotson,ATL,14,0.0
Jashaun Corbin,FA,14,0.0
Alex Armah Jr.,FA,14,0.0
Jake Funk,FA,14,0.0
Zonovan Knight,NYJ,14,0.0
Derrick Gore,FA,14,0.0
Anthony McFarland Jr.,FA,14,0.0
Tyrion Davis-Price,FA,14,0.0
Kenyan Drake,FA,14,0.0
Zach Evans,NYJ,14,0.0
Devine Ozigbo,FA,14,0.0
Jakob Johnson,HOU,14,0.0
Chris Evans,FA,14,0.0
Deon Jackson,FA,14,0.0
Adam Prentice,FA,14,0.0
Kene Nwangwu,NYJ,14,0.3
Evan Hull,PIT,14,0.0
Jonathan Ward,PIT,14,0.0
Reggie Gilliam,BUF,14,0.0
James Robinson,FA,14,0.0
Travis Homer,CHI,14,0.0
Bryant Koback,FA,14,0.0
Brittain Brown,FA,14,0.0
Jeremy McNichols,WAS,14,0.0
Julius Chestnut,TEN,14,0.0
JaMycal Hasty,FA,14,0.0
Henry Pearson,FA,14,0.0
Austin Walter,FA,14,0.0
Mohamed Ibrahim,FA,14,0.0
Godwin Igwebuike,FA,14,0.0
Marlon Mack,FA,14,0.0
Jordan Mims,FA,14,0.0
Corey Clement,FA,14,0.0
Patrick Laird,FA,14,0.0
Dwayne Washington,FA,14,0.0
SaRodorick Thompson Jr.,FA,14,0.0
Malik Davis,FA,14,0.0
Ben Mason,FA,14,0.0
Jonathan Williams,FA,14,0.0
,,14,0.0
,,14,0.0
Christian McCaffrey,SF,15,39.2
Raheem Mostert,LV,15,17.3
Travis Etienne Jr.,JAC,15,7.9
Breece Hall,NYJ,15,2.3
Joe Mixon,HOU,15,13.6
Kyren Williams,LAR,15,22.0
Rachaad White,TB,15,20.9
Derrick Henry,BAL,15,3.0
Bijan Robinson,ATL,15,-0.1
Jahmyr Gibbs,DET,15,23.8
James Cook,BUF,15,35.1
Saquon Barkley,PHI,15,4.7
David Montgomery,DET,15,9.2
Alvin Kamara,NO,15,13.5
Tony Pollard,TEN,15,6.7
Isiah Pacheco,KC,15,0.0
Jerome Ford,CLE,15,5.1
James Conner,ARI,15,16.4
Kenneth Walker III,SEA,15,18.7
Najee Harris,LAC,15,1.3
Gus Edwards,FA,15,13.4
Brian Robinson Jr.,WAS,15,0.0
D'Andre Swift,CHI,15,8.5
De'Von Achane,MIA,15,7.7
Jaylen Warren,PIT,15,9.3
Chuba Hubbard,CAR,15,11.3
Josh Jacobs,GB,15,0.0
Austin Ekeler,WAS,15,5.8
Zack Moss,CIN,15,10.8
Javonte Williams,DAL,15,3.0
Devin Singletary,NYG,15,19.0
Ezekiel Elliott,FA,15,7.1
Jonathan Taylor,IND,15,0.0
Tyler Allgeier,ATL,15,5.6
Tyjae Spears,TEN,15,4.2
Rhamondre Stevenson,NE,15,0.0
Aaron Jones Sr.,MIN,15,8.9
Alexander Mattison,MIA,15,0.0
Kareem Hunt,KC,15,2.5
A.J. Dillon,PHI,15,0.0
Antonio Gibson,NE,15,6.0
Khalil Herbert,IND,15,1.7
Samaje Perine,CIN,15,5.3
Justice Hill,BAL,15,2.3
Ty Chandler,MIN,15,23.2
Jaleel McLaughlin,DEN,15,2.8
Zach Charbonnet,SEA,15,1.6
D'Onta Foreman,FA,15,-0.6
Roschon Johnson,CHI,15,8.0
Rico Dowdle,CAR,15,2.2
Kenneth Gainwell,PIT,15,2.1
Dameon Pierce,HOU,15,0.3
Latavius Murray,FA,15,7.1
Miles Sanders,DAL,15,2.3
Jerick McKinnon,FA,15,14.7
Zamir White,LV,15,16.0
Keaton Mitchell,BAL,15,9.8
Emari Demercado,ARI,15,13.5
Clyde Edwards-Helaire,NO,15,18.1
Joshua Kelley,FA,15,1.3
Jamaal Williams,FA,15,3.1
Michael Carter,ARI,15,5.2
Chase Brown,CIN,15,6.6
Royce Freeman,FA,15,1.6
Elijah Mitchell,KC,15,0.0
Jordan Mason,MIN,15,2.0
Cam Akers,FA,15,0.0
Pierre Strong Jr.,CLE,15,2.1
Darrell Henderson Jr.,FA,15,0.0
Matt Breida,FA,15,3.1
Kendre Miller,NO,15,0.0
Chris Rodriguez Jr.,WAS,15,3.5
Salvon Ahmed,IND,15,0.0
Jeff Wilson Jr.,FA,15,1.1
Dalvin Cook,FA,15,1.5
Chase Edmonds,FA,15,1.3
Cordarrelle Patterson,PIT,15,6.5
Kyle Juszczyk,SF,15,3.6
Ameer Abdullah,FA,15,5.5
D'Ernest Johnson,FA,15,0.5
Ty Johnson,BUF,15,6.3
Tony Jones Jr.,FA,15,0.0
Craig Reynolds,DET,15,0.0
Darrynton Evans,BUF,15,0.0
Patrick Taylor Jr.,SF,15,1.2
Tank Bigsby,JAC,15,-0.2
Nick Chubb,FA,15,0.0
Kevin Harris,FA,15,8.5
Trey Sermon,PIT,15,8.8
Alec Ingold,MIA,15,0.0
Melvin Gordon III,FA,15,0.0
Damien Harris,FA,15,0.0
Ronnie Rivers,LAR,15,0.0
Isaiah Spiller,FA,15,5.0
Tyler Goodson,IND,15,8.9
Raheem Blackshear,CAR,15,0.0
Boston Scott,FA,15,0.0
Patrick Ricard,BAL,15,0.0
Israel Abanikanda,SF,15,2.9
Emanuel Wilson,GB,15,0.0
La'Mical Perine,FA,15,0.0
Keaontay Ingram,KC,15,0.0
Deuce Vaughn,DAL,15,0.0
Trayveon Williams,NE,15,1.7
Hunter Luepke,DAL,15,0.3
Brandon Bolden,FA,15,8.5
J.K. Dobbins,FA,15,0.0
Chris Brooks,GB,15,0.0
Nick Bawden,FA,15,0.0
Eric Gray,NYG,15,2.1
Mike Boone,FA,15,0.0
Dare Ogunbowale,HOU,15,1.7
Gary Brightwell,CIN,15,0.0
Ty Montgomery II,FA,15,0.0
C.J. Ham,MIN,15,0.0
Damien Williams,FA,15,0.0
Ke'Shawn Vaughn,FA,15,0.0
Michael Burton,DEN,15,0.0
DeeJay Dallas,ARI,15,0.0
Keith Smith,FA,15,0.0
Rashaad Penny,FA,15,0.0
Khari Blasingame,FA,15,0.0
Sean Tucker,TB,15,0.0
Leonard Fournette,FA,15,0.0
Elijah Dotson,ATL,15,0.0
Jashaun Corbin,FA,15,0.0
Alex Armah Jr.,FA,15,0.0
Jake Funk,FA,15,0.0
Zonovan Knight,NYJ,15,0.0
Derrick Gore,FA,15,0.0
Anthony McFarland Jr.,FA,15,0.0
Tyrion Davis-Price,FA,15,0.0
Kenyan Drake,FA,15,0.0
Zach Evans,NYJ,15,0.0
Devine Ozigbo,FA,15,0.0
Jakob Johnson,HOU,15,0.0
Chris Evans,FA,15,0.0
Deon Jackson,FA,15,0.0
Adam Prentice,FA,15,0.0
Kene Nwangwu,NYJ,15,0.1
Evan Hull,PIT,15,0.0
Jonathan Ward,PIT,15,0.0
Reggie Gilliam,BUF,15,0.0
James Robinson,FA,15,0.0
Travis Homer,CHI,15,0.0
Bryant Koback,FA,15,0.0
Brittain Brown,FA,15,0.0
Jeremy McNichols,WAS,15,0.0
Julius Chestnut,TEN,15,0.0
JaMycal Hasty,FA,15,0.0
Henry Pearson,FA,15,0.0
Austin Walter,FA,15,0.0
Mohamed Ibrahim,FA,15,0.0
Godwin Igwebuike,FA,15,0.0
Marlon Mack,FA,15,0.0
Jordan Mims,FA,15,0.0
Corey Clement,FA,15,0.0
Patrick Laird,FA,15,0.0
Dwayne Washington,FA,15,0.0
SaRodorick Thompson Jr.,FA,15,0.0
Malik Davis,FA,15,0.0
Ben Mason,FA,15,0.0
Jonathan Williams,FA,15,-0.2
,,15,0.0
,,15,0.0
Christian McCaffrey,SF,16,22.1
Raheem Mostert,LV,16,11.5
Travis Etienne Jr.,JAC,16,4.6
Breece Hall,NYJ,16,37.1
Joe Mixon,HOU,16,8.0
Kyren Williams,LAR,16,16.4
Rachaad White,TB,16,16.7
Derrick Henry,BAL,16,20.9
Bijan Robinson,ATL,16,15.7
Jahmyr Gibbs,DET,16,22.0
James Cook,BUF,16,5.0
Saquon Barkley,PHI,16,17.9
David Montgomery,DET,16,13.9
Alvin Kamara,NO,16,6.0
Tony Pollard,TEN,16,4.8
Isiah Pacheco,KC,16,8.6
Jerome Ford,CLE,16,8.8
James Conner,ARI,16,19.7
Kenneth Walker III,SEA,16,6.1
Najee Harris,LAC,16,13.8
Gus Edwards,FA,16,13.5
Brian Robinson Jr.,WAS,16,0.0
D'Andre Swift,CHI,16,15.2
De'Von Achane,MIA,16,3.6
Jaylen Warren,PIT,16,7.9
Chuba Hubbard,CAR,16,11.6
Josh Jacobs,GB,16,0.0
Austin Ekeler,WAS,16,10.1
Zack Moss,CIN,16,0.0
Javonte Williams,DAL,16,9.4
Devin Singletary,NYG,16,7.8
Ezekiel Elliott,FA,16,16.5
Jonathan Taylor,IND,16,10.3
Tyler Allgeier,ATL,16,15.3
Tyjae Spears,TEN,16,9.2
Rhamondre Stevenson,NE,16,0.0
Aaron Jones Sr.,MIN,16,14.0
Alexander Mattison,MIA,16,-0.1
Kareem Hunt,KC,16,8.6
A.J. Dillon,PHI,16,7.2
Antonio Gibson,NE,16,9.7
Khalil Herbert,IND,16,18.6
Samaje Perine,CIN,16,4.9
Justice Hill,BAL,16,7.2
Ty Chandler,MIN,16,7.7
Jaleel McLaughlin,DEN,16,8.7
Zach Charbonnet,SEA,16,0.1
D'Onta Foreman,FA,16,0.0
Roschon Johnson,CHI,16,6.8
Rico Dowdle,CAR,16,0.4
Kenneth Gainwell,PIT,16,9.4
Dameon Pierce,HOU,16,8.1
Latavius Murray,FA,16,0.0
Miles Sanders,DAL,16,1.3
Jerick McKinnon,FA,16,0.0
Zamir White,LV,16,14.5
Keaton Mitchell,BAL,16,0.0
Emari Demercado,ARI,16,8.5
Clyde Edwards-Helaire,NO,16,6.3
Joshua Kelley,FA,16,-0.2
Jamaal Williams,FA,16,1.8
Michael Carter,ARI,16,0.0
Chase Brown,CIN,16,3.4
Royce Freeman,FA,16,0.0
Elijah Mitchell,KC,16,0.0
Jordan Mason,MIN,16,0.0
Cam Akers,FA,16,0.0
Pierre Strong Jr.,CLE,16,2.2
Darrell Henderson Jr.,FA,16,0.0
Matt Breida,FA,16,0.8
Kendre Miller,NO,16,0.0
Chris Rodriguez Jr.,WAS,16,19.0
Salvon Ahmed,IND,16,0.0
Jeff Wilson Jr.,FA,16,3.0
Dalvin Cook,FA,16,0.0
Chase Edmonds,FA,16,2.5
Cordarrelle Patterson,PIT,16,4.3
Kyle Juszczyk,SF,16,1.0
Ameer Abdullah,FA,16,1.7
D'Ernest Johnson,FA,16,0.2
Ty Johnson,BUF,16,0.0
Tony Jones Jr.,FA,16,0.0
Craig Reynolds,DET,16,0.0
Darrynton Evans,BUF,16,0.0
Patrick Taylor Jr.,SF,16,0.8
Tank Bigsby,JAC,16,0.0
Nick Chubb,FA,16,0.0
Kevin Harris,FA,16,2.1
Trey Sermon,PIT,16,0.3
Alec Ingold,MIA,16,2.2
Melvin Gordon III,FA,16,0.0
Damien Harris,FA,16,0.0
Ronnie Rivers,LAR,16,2.0
Isaiah Spiller,FA,16,1.0
Tyler Goodson,IND,16,3.5
Raheem Blackshear,CAR,16,2.0
Boston Scott,FA,16,-1.7
Patrick Ricard,BAL,16,0.0
Israel Abanikanda,SF,16,4.3
Emanuel Wilson,GB,16,0.0
La'Mical Perine,FA,16,0.0
Keaontay Ingram,KC,16,0.0
Deuce Vaughn,DAL,16,0.0
Trayveon Williams,NE,16,0.0
Hunter Luepke,DAL,16,1.6
Brandon Bolden,FA,16,2.0
J.K. Dobbins,FA,16,0.0
Chris Brooks,GB,16,0.0
Nick Bawden,FA,16,0.0
Eric Gray,NYG,16,0.0
Mike Boone,FA,16,0.0
Dare Ogunbowale,HOU,16,0.6
Gary Brightwell,CIN,16,0.0
Ty Montgomery II,FA,16,0.0
C.J. Ham,MIN,16,1.1
Damien Williams,FA,16,0.0
Ke'Shawn Vaughn,FA,16,0.0
Michael Burton,DEN,16,0.9
DeeJay Dallas,ARI,16,0.2
Keith Smith,FA,16,0.0
Rashaad Penny,FA,16,0.0
Khari Blasingame,FA,16,0.0
Sean Tucker,TB,16,0.0
Leonard Fournette,FA,16,2.0
Elijah Dotson,ATL,16,0.0
Jashaun Corbin,FA,16,0.0
Alex Armah Jr.,FA,16,0.0
Jake Funk,FA,16,0.0
Zonovan Knight,NYJ,16,0.0
Derrick Gore,FA,16,0.0
Anthony McFarland Jr.,FA,16,0.0
Tyrion Davis-Price,FA,16,0.0
Kenyan Drake,FA,16,0.0
Zach Evans,NYJ,16,0.0
Devine Ozigbo,FA,16,0.0
Jakob Johnson,HOU,16,0.0
Chris Evans,FA,16,0.0
Deon Jackson,FA,16,0.0
Adam Prentice,FA,16,0.0
Kene Nwangwu,NYJ,16,0.0
Evan Hull,PIT,16,0.0
Jonathan Ward,PIT,16,0.0
Reggie Gilliam,BUF,16,0.0
James Robinson,FA,16,0.0
Travis Homer,CHI,16,0.0
Bryant Koback,FA,16,0.0
Brittain Brown,FA,16,0.0
Jeremy McNichols,WAS,16,0.0
Julius Chestnut,TEN,16,0.0
JaMycal Hasty,FA,16,0.0
Henry Pearson,FA,16,0.0
Austin Walter,FA,16,0.0
Mohamed Ibrahim,FA,16,0.0
Godwin Igwebuike,FA,16,0.0
Marlon Mack,FA,16,0.0
Jordan Mims,FA,16,0.0
Corey Clement,FA,16,0.0
Patrick Laird,FA,16,0.0
Dwayne Washington,FA,16,0.0
SaRodorick Thompson Jr.,FA,16,0.0
Malik Davis,FA,16,0.0
Ben Mason,FA,16,0.0
Jonathan Williams,FA,16,0.0
,,16,0.0
,,16,0.0
Christian McCaffrey,SF,17,11.1
Raheem Mostert,LV,17,0.0
Travis Etienne Jr.,JAC,17,24.8
Breece Hall,NYJ,17,23.1
Joe Mixon,HOU,17,16.7
Kyren Williams,LAR,17,29.1
Rachaad White,TB,17,6.6
Derrick Henry,BAL,17,4.2
Bijan Robinson,ATL,17,10.1
Jahmyr Gibbs,DET,17,4.8
James Cook,BUF,17,4.9
Saquon Barkley,PHI,17,7.3
David Montgomery,DET,17,12.5
Alvin Kamara,NO,17,5.9
Tony Pollard,TEN,17,5.4
Isiah Pacheco,KC,17,26.0
Jerome Ford,CLE,17,25.1
James Conner,ARI,17,25.8
Kenneth Walker III,SEA,17,15.0
Najee Harris,LAC,17,24.2
Gus Edwards,FA,17,10.8
Brian Robinson Jr.,WAS,17,9.6
D'Andre Swift,CHI,17,7.1
De'Von Achane,MIA,17,21.7
Jaylen Warren,PIT,17,17.8
Chuba Hubbard,CAR,17,9.1
Josh Jacobs,GB,17,0.0
Austin Ekeler,WAS,17,3.5
Zack Moss,CIN,17,0.0
Javonte Williams,DAL,17,7.3
Devin Singletary,NYG,17,10.1
Ezekiel Elliott,FA,17,11.0
Jonathan Taylor,IND,17,16.9
Tyler Allgeier,ATL,17,15.3
Tyjae Spears,TEN,17,4.9
Rhamondre Stevenson,NE,17,0.0
Aaron Jones Sr.,MIN,17,13.5
Alexander Mattison,MIA,17,4.0
Kareem Hunt,KC,17,9.1
A.J. Dillon,PHI,17,2.7
Antonio Gibson,NE,17,4.6
Khalil Herbert,IND,17,19.9
Samaje Perine,CIN,17,3.6
Justice Hill,BAL,17,19.7
Ty Chandler,MIN,17,7.9
Jaleel McLaughlin,DEN,17,7.7
Zach Charbonnet,SEA,17,6.6
D'Onta Foreman,FA,17,0.0
Roschon Johnson,CHI,17,13.4
Rico Dowdle,CAR,17,0.0
Kenneth Gainwell,PIT,17,4.7
Dameon Pierce,HOU,17,2.6
Latavius Murray,FA,17,0.0
Miles Sanders,DAL,17,3.2
Jerick McKinnon,FA,17,0.0
Zamir White,LV,17,13.1
Keaton Mitchell,BAL,17,0.0
Emari Demercado,ARI,17,1.4
Clyde Edwards-Helaire,NO,17,0.0
Joshua Kelley,FA,17,0.2
Jamaal Williams,FA,17,9.1
Michael Carter,ARI,17,13.2
Chase Brown,CIN,17,3.8
Royce Freeman,FA,17,0.0
Elijah Mitchell,KC,17,14.0
Jordan Mason,MIN,17,0.3
Cam Akers,FA,17,0.0
Pierre Strong Jr.,CLE,17,0.9
Darrell Henderson Jr.,FA,17,0.0
Matt Breida,FA,17,0.0
Kendre Miller,NO,17,0.0
Chris Rodriguez Jr.,WAS,17,0.0
Salvon Ahmed,IND,17,0.0
Jeff Wilson Jr.,FA,17,4.9
Dalvin Cook,FA,17,0.0
Chase Edmonds,FA,17,8.1
Cordarrelle Patterson,PIT,17,0.0
Kyle Juszczyk,SF,17,3.8
Ameer Abdullah,FA,17,2.7
D'Ernest Johnson,FA,17,0.0
Ty Johnson,BUF,17,2.2
Tony Jones Jr.,FA,17,0.0
Craig Reynolds,DET,17,0.0
Darrynton Evans,BUF,17,0.0
Patrick Taylor Jr.,SF,17,3.0
Tank Bigsby,JAC,17,3.2
Nick Chubb,FA,17,0.0
Kevin Harris,FA,17,7.9
Trey Sermon,PIT,17,5.1
Alec Ingold,MIA,17,2.3
Melvin Gordon III,FA,17,7.0
Damien Harris,FA,17,0.0
Ronnie Rivers,LAR,17,0.9
Isaiah Spiller,FA,17,1.9
Tyler Goodson,IND,17,0.3
Raheem Blackshear,CAR,17,0.0
Boston Scott,FA,17,0.0
Patrick Ricard,BAL,17,6.9
Israel Abanikanda,SF,17,3.0
Emanuel Wilson,GB,17,0.0
La'Mical Perine,FA,17,0.0
Keaontay Ingram,KC,17,0.0
Deuce Vaughn,DAL,17,1.7
Trayveon Williams,NE,17,0.2
Hunter Luepke,DAL,17,0.0
Brandon Bolden,FA,17,0.6
J.K. Dobbins,FA,17,0.0
Chris Brooks,GB,17,1.2
Nick Bawden,FA,17,1.3
Eric Gray,NYG,17,1.3
Mike Boone,FA,17,0.0
Dare Ogunbowale,HOU,17,0.0
Gary Brightwell,CIN,17,0.0
Ty Montgomery II,FA,17,0.0
C.J. Ham,MIN,17,0.0
Damien Williams,FA,17,0.0
Ke'Shawn Vaughn,FA,17,0.0
Michael Burton,DEN,17,0.0
DeeJay Dallas,ARI,17,0.0
Keith Smith,FA,17,0.0
Rashaad Penny,FA,17,0.0
Khari Blasingame,FA,17,0.0
Sean Tucker,TB,17,0.0
Leonard Fournette,FA,17,0.0
Elijah Dotson,ATL,17,0.0
Jashaun Corbin,FA,17,0.0
Alex Armah Jr.,FA,17,0.0
Jake Funk,FA,17,0.0
Zonovan Knight,NYJ,17,0.0
Derrick Gore,FA,17,0.0
Anthony McFarland Jr.,FA,17,0.0
Tyrion Davis-Price,FA,17,0.0
Kenyan Drake,FA,17,0.0
Zach Evans,NYJ,17,0.0
Devine Ozigbo,FA,17,0.0
Jakob Johnson,HOU,17,0.0
Chris Evans,FA,17,0.0
Deon Jackson,FA,17,0.0
Adam Prentice,FA,17,1.9
Kene Nwangwu,NYJ,17,0.0
Evan Hull,PIT,17,0.0
Jonathan Ward,PIT,17,1.1
Reggie Gilliam,BUF,17,0.0
James Robinson,FA,17,0.0
Travis Homer,CHI,17,0.0
Bryant Koback,FA,17,0.0
Brittain Brown,FA,17,0.0
Jeremy McNichols,WAS,17,0.0
Julius Chestnut,TEN,17,0.0
JaMycal Hasty,FA,17,0.0
Henry Pearson,FA,17,0.0
Austin Walter,FA,17,0.0
Mohamed Ibrahim,FA,17,0.0
Godwin Igwebuike,FA,17,0.0
Marlon Mack,FA,17,0.0
Jordan Mims,FA,17,0.0
Corey Clement,FA,17,0.0
Patrick Laird,FA,17,0.0
Dwayne Washington,FA,17,0.0
SaRodorick Thompson Jr.,FA,17,0.0
Malik Davis,FA,17,0.0
Ben Mason,FA,17,0.0
Jonathan Williams,FA,17,0.0
,,17,0.0
,,17,0.0
Christian McCaffrey,SF,18,0.0
Raheem Mostert,LV,18,0.0
Travis Etienne Jr.,JAC,18,11.2
Breece Hall,NYJ,18,28.0
Joe Mixon,HOU,18,24.2
Kyren Williams,LAR,18,0.0
Rachaad White,TB,18,11.3
Derrick Henry,BAL,18,21.3
Bijan Robinson,ATL,18,22.6
Jahmyr Gibbs,DET,18,9.0
James Cook,BUF,18,6.7
Saquon Barkley,PHI,18,22.7
David Montgomery,DET,18,10.0
Alvin Kamara,NO,18,0.0
Tony Pollard,TEN,18,15.6
Isiah Pacheco,KC,18,0.0
Jerome Ford,CLE,18,4.2
James Conner,ARI,18,28.4
Kenneth Walker III,SEA,18,8.6
Najee Harris,LAC,18,21.8
Gus Edwards,FA,18,2.8
Brian Robinson Jr.,WAS,18,9.0
D'Andre Swift,CHI,18,0.0
De'Von Achane,MIA,18,12.6
Jaylen Warren,PIT,18,5.5
Chuba Hubbard,CAR,18,10.2
Josh Jacobs,GB,18,0.0
Austin Ekeler,WAS,18,8.4
Zack Moss,CIN,18,3.0
Javonte Williams,DAL,18,17.0
Devin Singletary,NYG,18,13.0
Ezekiel Elliott,FA,18,10.6
Jonathan Taylor,IND,18,26.6
Tyler Allgeier,ATL,18,4.9
Tyjae Spears,TEN,18,20.1
Rhamondre Stevenson,NE,18,0.0
Aaron Jones Sr.,MIN,18,16.6
Alexander Mattison,MIA,18,3.4
Kareem Hunt,KC,18,1.0
A.J. Dillon,PHI,18,0.0
Antonio Gibson,NE,18,5.1
Khalil Herbert,IND,18,5.1
Samaje Perine,CIN,18,4.5
Justice Hill,BAL,18,4.1
Ty Chandler,MIN,18,9.9
Jaleel McLaughlin,DEN,18,0.6
Zach Charbonnet,SEA,18,7.0
D'Onta Foreman,FA,18,0.0
Roschon Johnson,CHI,18,2.0
Rico Dowdle,CAR,18,11.5
Kenneth Gainwell,PIT,18,6.2
Dameon Pierce,HOU,18,0.0
Latavius Murray,FA,18,0.0
Miles Sanders,DAL,18,1.8
Jerick McKinnon,FA,18,0.0
Zamir White,LV,18,12.6
Keaton Mitchell,BAL,18,0.0
Emari Demercado,ARI,18,0.0
Clyde Edwards-Helaire,NO,18,1.5
Joshua Kelley,FA,18,0.1
Jamaal Williams,FA,18,10.9
Michael Carter,ARI,18,2.4
Chase Brown,CIN,18,5.8
Royce Freeman,FA,18,2.0
Elijah Mitchell,KC,18,13.7
Jordan Mason,MIN,18,5.3
Cam Akers,FA,18,0.0
Pierre Strong Jr.,CLE,18,6.5
Darrell Henderson Jr.,FA,18,0.0
Matt Breida,FA,18,0.0
Kendre Miller,NO,18,14.4
Chris Rodriguez Jr.,WAS,18,0.0
Salvon Ahmed,IND,18,0.0
Jeff Wilson Jr.,FA,18,4.5
Dalvin Cook,FA,18,0.0
Chase Edmonds,FA,18,2.9
Cordarrelle Patterson,PIT,18,2.0
Kyle Juszczyk,SF,18,0.0
Ameer Abdullah,FA,18,1.2
D'Ernest Johnson,FA,18,-0.1
Ty Johnson,BUF,18,1.9
Tony Jones Jr.,FA,18,0.0
Craig Reynolds,DET,18,0.0
Darrynton Evans,BUF,18,0.0
Patrick Taylor Jr.,SF,18,0.0
Tank Bigsby,JAC,18,1.6
Nick Chubb,FA,18,0.0
Kevin Harris,FA,18,1.3
Trey Sermon,PIT,18,0.0
Alec Ingold,MIA,18,0.0
Melvin Gordon III,FA,18,-0.2
Damien Harris,FA,18,0.0
Ronnie Rivers,LAR,18,5.2
Isaiah Spiller,FA,18,0.0
Tyler Goodson,IND,18,0.0
Raheem Blackshear,CAR,18,0.6
Boston Scott,FA,18,0.5
Patrick Ricard,BAL,18,0.0
Israel Abanikanda,SF,18,0.6
Emanuel Wilson,GB,18,0.0
La'Mical Perine,FA,18,12.4
Keaontay Ingram,KC,18,0.0
Deuce Vaughn,DAL,18,0.0
Trayveon Williams,NE,18,-0.2
Hunter Luepke,DAL,18,0.0
Brandon Bolden,FA,18,0.0
J.K. Dobbins,FA,18,0.0
Chris Brooks,GB,18,0.0
Nick Bawden,FA,18,0.0
Eric Gray,NYG,18,3.3
Mike Boone,FA,18,0.0
Dare Ogunbowale,HOU,18,0.0
Gary Brightwell,CIN,18,0.0
Ty Montgomery II,FA,18,0.0
C.J. Ham,MIN,18,0.0
Damien Williams,FA,18,0.0
Ke'Shawn Vaughn,FA,18,0.0
Michael Burton,DEN,18,0.0
DeeJay Dallas,ARI,18,0.0
Keith Smith,FA,18,0.0
Rashaad Penny,FA,18,1.6
Khari Blasingame,FA,18,0.0
Sean Tucker,TB,18,0.0
Leonard Fournette,FA,18,2.0
Elijah Dotson,ATL,18,0.0
Jashaun Corbin,FA,18,0.0
Alex Armah Jr.,FA,18,1.5
Jake Funk,FA,18,0.0
Zonovan Knight,NYJ,18,0.0
Derrick Gore,FA,18,0.3
Anthony McFarland Jr.,FA,18,0.0
Tyrion Davis-Price,FA,18,0.0
Kenyan Drake,FA,18,0.0
Zach Evans,NYJ,18,0.3
Devine Ozigbo,FA,18,0.0
Jakob Johnson,HOU,18,0.0
Chris Evans,FA,18,0.0
Deon Jackson,FA,18,0.0
Adam Prentice,FA,18,0.0
Kene Nwangwu,NYJ,18,0.0
Evan Hull,PIT,18,0.0
Jonathan Ward,PIT,18,0.0
Reggie Gilliam,BUF,18,0.0
James Robinson,FA,18,0.0
Travis Homer,CHI,18,0.0
Bryant Koback,FA,18,0.0
Brittain Brown,FA,18,0.0
Jeremy McNichols,WAS,18,0.0
Julius Chestnut,TEN,18,0.0
JaMycal Hasty,FA,18,0.0
Henry Pearson,FA,18,0.0
Austin Walter,FA,18,0.0
Mohamed Ibrahim,FA,18,0.0
Godwin Igwebuike,FA,18,0.0
Marlon Mack,FA,18,0.0
Jordan Mims,FA,18,0.0
Corey Clement,FA,18,0.0
Patrick Laird,FA,18,0.0
Dwayne Washington,FA,18,0.0
SaRodorick Thompson Jr.,FA,18,0.0
Malik Davis,FA,18,0.0
Ben Mason,FA,18,0.0
Jonathan Williams,FA,18,0.0
,,18,0.0
,,18,0.0
